country,time_block,stringency_lag,vac_lag,log_vac_lag
Afghanistan,2020_fall,-1.5710911213783147,-0.6024325334252024,-0.7302492497009011
Afghanistan,2020_spring,0.43093139016645526,-0.6024325334252024,-0.7302492497009011
Afghanistan,2020_summer,1.4874292123271555,-0.6024325334252024,-0.7302492497009011
Afghanistan,2020_winter,-2.435005537507481,-0.6024325334252024,-0.7302492497009011
Afghanistan,2021_fall,-1.1640504839705608,0.028679095423667825,0.22243280788122347
Afghanistan,2021_spring,-1.351705534731062,-0.5002082883271072,-0.5233607847870011
Afghanistan,2021_summer,-0.15820234350702272,-0.5283413447226859,-0.5817605205783521
Afghanistan,2021_winter,-1.8068278807473832,-0.47359681706690504,-0.49138083298569085
Afghanistan,2022_spring,-1.7761029601483431,-0.4413533393279719,-0.4085550196920102
Afghanistan,2022_winter,-1.6275076960463803,-0.3312914260116699,-0.20439139513401297
Albania,2020_fall,0.31858723160908836,-0.6024325334252024,-0.7302492497009011
Albania,2020_spring,0.9277813701222455,-0.6024325334252024,-0.7302492497009011
Albania,2020_summer,0.9434345456796515,-0.6024325334252024,-0.7302492497009011
Albania,2020_winter,-1.384219519386263,-0.6024325334252024,-0.7302492497009011
Albania,2021_fall,-0.44127498131521137,0.4404354580517005,0.85818965634923
Albania,2021_spring,0.46696942141588643,0.8267712816083762,1.2322320500206039
Albania,2021_summer,-0.5690901011380688,0.39770276393400855,0.7956662103261066
Albania,2021_winter,0.3301050264583021,-0.39960938883895497,-0.3739487193715712
Albania,2022_spring,-0.8210455456240924,-0.45517888208664686,-0.4330067032995501
Albania,2022_winter,-0.1733139260073973,0.20087343165807578,0.5505138059906822
Argentina,2020_fall,1.861977632858861,-0.6024325334252024,-0.7302492497009011
Argentina,2020_spring,1.046794655927341,-0.6024325334252024,-0.7302492497009011
Argentina,2020_summer,2.156537345785755,-0.6024325334252024,-0.7302492497009011
Argentina,2020_winter,-0.9251594752114916,-0.6024325334252024,-0.7302492497009011
Argentina,2021_fall,0.25038774660934693,1.3735560370796962,1.6569366530597929
Argentina,2021_spring,1.3739627315606973,0.9908831499534824,1.3759031017957457
Argentina,2021_summer,1.4180388117474627,3.4337256333332133,3.029484275041303
Argentina,2021_winter,0.8395170616914505,-0.18576133238521594,-0.040016673084661225
Argentina,2022_spring,-1.5526271372370457,-0.4691320794686704,-0.46700997270769745
Argentina,2022_winter,-1.0784247291963998,0.20524745967389774,0.5967524306381394
Australia,2020_fall,1.0541648663398038,-0.6024325334252024,-0.7302492497009011
Australia,2020_spring,0.15723205752711497,-0.6024325334252024,-0.7302492497009011
Australia,2020_summer,0.8692034730447692,-0.6024325334252024,-0.7302492497009011
Australia,2020_winter,-1.1753824301886335,-0.6024325334252024,-0.7302492497009011
Australia,2021_fall,1.0547775776770516,3.0215663113172777,2.8005107234160342
Australia,2021_spring,-0.052981795881606036,0.3249110975160517,0.6267197291080625
Australia,2021_summer,0.8851684749077388,2.0043616554109893,2.283673809533898
Australia,2021_winter,0.8305370111549212,-0.3247366578559101,-0.2783291297672666
Australia,2022_spring,-0.5609814950114872,-0.46540274517244434,-0.4605815865761031
Australia,2022_winter,-0.1011416364074919,0.3080139533291405,0.6428061142140331
Austria,2020_fall,0.11781233101249222,-0.6024325334252024,-0.7302492497009011
Austria,2020_spring,0.3888722917375371,-0.6024325334252024,-0.7302492497009011
Austria,2020_summer,-0.27233792525303,-0.6024325334252024,-0.7302492497009011
Austria,2020_winter,-1.1791492123869372,-0.6024325334252024,-0.7302492497009011
Austria,2021_fall,0.025016020695376142,0.1772577427299883,0.5430110086130794
Austria,2021_spring,1.3456412441238355,2.2031926226703336,2.2866331693703823
Austria,2021_summer,0.2091357775381482,1.9770702060900127,2.082541978218949
Austria,2021_winter,1.140275356952888,0.1208078810238825,0.38879230324666686
Austria,2022_spring,-0.5470869889574549,-0.5688042794087459,-0.6593150165165828
Austria,2022_winter,0.10724829729401514,-0.1843296585160017,0.024313889122270928
Azerbaijan,2020_fall,1.1438799456051867,-0.6024325334252024,-0.7302492497009011
Azerbaijan,2020_spring,0.7784742218544101,-0.6024325334252024,-0.7302492497009011
Azerbaijan,2020_summer,2.058990418513843,-0.6024325334252024,-0.7302492497009011
Azerbaijan,2020_winter,-1.1707801325304479,-0.6024325334252024,-0.7302492497009011
Azerbaijan,2021_fall,0.6037690103666475,0.9876218059943059,1.1747565665615878
Azerbaijan,2021_spring,1.1497213234021157,0.2366347290225785,0.5988633677514756
Azerbaijan,2021_summer,0.6183798191779261,1.5696807627660236,1.9137024044932258
Azerbaijan,2021_winter,1.1334589433260138,-0.4231075947250774,-0.3841839461536623
Azerbaijan,2022_spring,0.3503053533581692,-0.5214960888535309,-0.5645563244546817
Azerbaijan,2022_winter,0.6394817023696996,-0.40153168854679216,-0.3302037639372619
Bahamas,2020_fall,1.2717893287106978,-0.6024325334252024,-0.7302492497009011
Bahamas,2020_spring,1.0534402173544055,-0.6024325334252024,-0.7302492497009011
Bahamas,2020_summer,1.5502157124841704,-0.6024325334252024,-0.7302492497009011
Bahamas,2020_winter,-1.1102191869466316,-0.6024325334252024,-0.7302492497009011
Bahamas,2021_fall,0.2906263853920207,1.3910964837010522,1.573498258345534
Bahamas,2021_spring,1.0117573304196494,0.30166362645582706,0.5538499573600744
Bahamas,2021_summer,0.6176905189235233,0.018385572078628516,0.28636019335278173
Bahamas,2021_winter,0.7703891815484923,-0.40189415255420036,-0.3802272870987624
Bahamas,2022_spring,-0.6698271111095404,-0.48220574792627124,-0.4858498359451815
Bahamas,2022_winter,0.2766800018022236,-0.3248736888605401,-0.19642160300500855
Bahrain,2020_fall,0.4949125932674573,-0.6024325334252024,-0.7302492497009011
Bahrain,2020_spring,0.5356755715598907,-0.6024325334252024,-0.7302492497009011
Bahrain,2020_summer,1.1920257588568681,-0.6024325334252024,-0.7302492497009011
Bahrain,2020_winter,-1.4029002525434688,-0.6024325334252024,-0.7302492497009011
Bahrain,2021_fall,-1.3024171999954341,-0.22981499625845914,-0.047311751217782916
Bahrain,2021_spring,0.30056905762082486,3.194212550443836,2.8749778977648175
Bahrain,2021_summer,0.195697368304872,1.2681792776435057,1.4540054610326696
Bahrain,2021_winter,-0.3415287177207954,0.5777819412987314,0.8015656183875025
Bahrain,2022_spring,-2.074097671982406,-0.5546622712789953,-0.6301179697215131
Bahrain,2022_winter,-0.9754636948998243,-0.27867115323878017,-0.12562085422771538
Bangladesh,2020_fall,1.6240747818071533,-0.6024325334252024,-0.7302492497009011
Bangladesh,2020_spring,0.8133280706155085,-0.6024325334252024,-0.7302492497009011
Bangladesh,2020_summer,1.471214244437865,-0.6024325334252024,-0.7302492497009011
Bangladesh,2020_winter,-0.8665828788448962,-0.6024325334252024,-0.7302492497009011
Bangladesh,2021_fall,-0.4892432092754653,1.4058060287457101,1.6217122263873258
Bangladesh,2021_spring,1.7386299193246126,-0.294554374483249,-0.17997233234890023
Bangladesh,2021_summer,1.2535670578827607,-0.06542152164441994,-0.07985105052474205
Bangladesh,2021_winter,0.7950891073312683,0.3945700303997411,0.36205984317620105
Bangladesh,2022_spring,-1.8636057979989535,1.207772963424831,0.84433321708004
Bangladesh,2022_winter,-0.014408942668282443,2.1602719783165454,2.230246417981981
Barbados,2020_fall,-0.7047585306969885,-0.6024325334252024,-0.7302492497009011
Barbados,2020_spring,0.44460545760636544,-0.6024325334252024,-0.7302492497009011
Barbados,2020_summer,0.5944626152957545,-0.6024325334252024,-0.7302492497009011
Barbados,2020_winter,-1.5775926099472337,-0.6024325334252024,-0.7302492497009011
Barbados,2021_fall,0.9316049245248748,1.1341352886021516,1.494732160984261
Barbados,2021_spring,1.048279302629132,1.895424695405633,1.610482213094134
Barbados,2021_summer,0.22962625860493316,0.26077667698439155,0.5551172811592928
Barbados,2021_winter,0.7270398544382558,-0.4928692919696032,-0.5234721246365409
Barbados,2022_spring,-0.3918540187019814,-0.513638249983838,-0.5470035203977798
Barbados,2022_winter,0.5427924494002232,-0.3540600909978228,-0.24536366315497743
Belarus,2020_fall,-0.8968494263791396,-0.6024325334252024,-0.7302492497009011
Belarus,2020_spring,-1.7424499863318816,-0.6024325334252024,-0.7302492497009011
Belarus,2020_summer,-0.982016302256495,-0.6024325334252024,-0.7302492497009011
Belarus,2020_winter,-1.9476215192426931,-0.6024325334252024,-0.7302492497009011
Belarus,2021_fall,-1.5435014368366948,1.2406675156821299,1.6362803881785137
Belarus,2021_spring,-0.3863842935350982,-0.26344053310300697,-0.14175458241984157
Belarus,2021_summer,-0.490987080004553,0.5780405247578722,1.0392803299335676
Belarus,2021_winter,-0.8071765692091127,0.3062370257984899,0.33349647244737785
Belarus,2022_spring,-1.8612698360256985,0.3157059399451145,0.739382780431988
Belarus,2022_winter,-1.4885924200849545,1.609149167791295,1.855387047339775
Belgium,2020_fall,0.290744214495338,-0.6024325334252024,-0.7302492497009011
Belgium,2020_spring,0.5716075566163379,-0.6024325334252024,-0.7302492497009011
Belgium,2020_summer,0.5052310561721964,-0.6024325334252024,-0.7302492497009011
Belgium,2020_winter,-1.3274183933719181,-0.6024325334252024,-0.7302492497009011
Belgium,2021_fall,-0.6687322823578883,-0.20935317626664296,-0.0023367817178387234
Belgium,2021_spring,0.6775287665882619,2.1661218513711713,2.1766939568380432
Belgium,2021_summer,0.006098558157869972,3.078000421643398,2.727850468460676
Belgium,2021_winter,0.17407425498245435,-0.2021523037479862,-0.05401848806977933
Belgium,2022_spring,-1.740342318246303,-0.565457513510432,-0.6534582272062907
Belgium,2022_winter,-0.9610564685948321,-0.24409882877819516,-0.08341029506555904
Belize,2020_fall,1.0822317587498569,-0.6024325334252024,-0.7302492497009011
Belize,2020_spring,0.1674301664191807,-0.6024325334252024,-0.7302492497009011
Belize,2020_summer,1.314179611083581,-0.6024325334252024,-0.7302492497009011
Belize,2020_winter,-1.2462619917019986,-0.6024325334252024,-0.7302492497009011
Belize,2021_fall,0.3609703600721281,1.3088739548395836,1.6775581337037397
Belize,2021_spring,0.7643040097258922,0.5745318342508287,0.8978855105431771
Belize,2021_summer,0.551688546700639,1.684005887496607,2.008663582623531
Belize,2021_winter,1.091443539856242,-0.5235377306306154,-0.5755648958392499
Belize,2022_spring,-1.113091851559047,-0.5088908870389603,-0.53742959499993
Belize,2022_winter,0.899007503092292,-0.4480990046125586,-0.41786323647760387
Bhutan,2020_fall,1.6376545859644094,-0.6024325334252024,-0.7302492497009011
Bhutan,2020_spring,0.4859045583188906,-0.6024325334252024,-0.7302492497009011
Bhutan,2020_summer,1.5065819122530693,-0.6024325334252024,-0.7302492497009011
Bhutan,2020_winter,-1.0845340491840774,-0.6024325334252024,-0.7302492497009011
Bhutan,2021_fall,0.14821223966821673,-0.19785502425991636,-0.05001910431427976
Bhutan,2021_spring,0.4607438365785006,7.97314385799394,1.2859910583775245
Bhutan,2021_summer,0.8368173023617048,0.3210388994004774,0.2326372460181639
Bhutan,2021_winter,0.597687555771711,-0.5917689014545326,-0.7076280472961247
Bhutan,2022_spring,0.14683413011400748,0.7156749505000207,0.5471176723883927
Bhutan,2022_winter,0.8783284954602001,-0.5105265512695231,-0.5428672864878303
Bolivia,2020_fall,1.7395001714162528,-0.6024325334252024,-0.7302492497009011
Bolivia,2020_spring,0.963996145026652,-0.6024325334252024,-0.7302492497009011
Bolivia,2020_summer,2.1721614848855584,-0.6024325334252024,-0.7302492497009011
Bolivia,2020_winter,-1.5686317066399942,-0.6024325334252024,-0.7302492497009011
Bolivia,2021_fall,-0.5837598245010056,0.4508582904328179,0.8171250388361271
Bolivia,2021_spring,-1.2533817770137115,-0.011039746256103718,0.23384543778289366
Bolivia,2021_summer,-0.47022559200014014,1.484909524811162,1.8524109074720383
Bolivia,2021_winter,-0.9732213416030934,-0.15741382000876566,-0.07500564348803256
Bolivia,2022_spring,-1.2039326897157017,-0.29322293099535224,-0.15104377341640624
Bolivia,2022_winter,-1.1685443550498362,1.2633410184726155,1.5516963088080806
Bosnia and Herzegovina,2020_fall,-0.32519564018270336,-0.6024325334252024,-0.7302492497009011
Bosnia and Herzegovina,2020_spring,0.6970719858280252,-0.6024325334252024,-0.7302492497009011
Bosnia and Herzegovina,2020_summer,0.4292657916274273,-0.6024325334252024,-0.7302492497009011
Bosnia and Herzegovina,2020_winter,-1.72847973937318,-0.6024325334252024,-0.7302492497009011
Bosnia and Herzegovina,2021_fall,-0.772215692345835,0.328099098927308,0.7399964581312487
Bosnia and Herzegovina,2021_spring,-0.3331549961117508,-0.2966442996272613,-0.1867175769466087
Bosnia and Herzegovina,2021_summer,-0.7438777929981534,0.7117165890548518,1.1377216789091722
Bosnia and Herzegovina,2021_winter,-0.4773017206089089,-0.45669277712493944,-0.4628299733946264
Bosnia and Herzegovina,2022_spring,-0.7174526527609814,-0.3518974256403725,-0.2400374238209868
Bosnia and Herzegovina,2022_winter,-0.5579349580846192,-0.32651901044720716,-0.1938445225622974
Brazil,2020_fall,0.7825628917395018,-0.6024325334252024,-0.7302492497009011
Brazil,2020_spring,0.34915799246462237,-0.6024325334252024,-0.7302492497009011
Brazil,2020_summer,1.4727624346918016,-0.6024325334252024,-0.7302492497009011
Brazil,2020_winter,-1.383509331245363,-0.6024325334252024,-0.7302492497009011
Brazil,2021_fall,0.0869823461296616,1.430829495170346,1.691880889407307
Brazil,2021_spring,0.8901669537977258,0.8902749994731103,1.3087573243068336
Brazil,2021_summer,0.4442401873860838,3.0706184902531306,2.9149338131670777
Brazil,2021_winter,0.708894663482071,-0.27588736343170517,-0.1599590311626807
Brazil,2022_spring,-0.9306719431831515,-0.15342704647867314,0.04797669685674373
Brazil,2022_winter,-0.34087345698512816,-0.013596827107886978,0.24007177968429752
Bulgaria,2020_fall,-0.5192012587937518,-0.6024325334252024,-0.7302492497009011
Bulgaria,2020_spring,0.26463328520034374,-0.6024325334252024,-0.7302492497009011
Bulgaria,2020_summer,-0.3254304567528846,-0.6024325334252024,-0.7302492497009011
Bulgaria,2020_winter,-1.5660555339720228,-0.6024325334252024,-0.7302492497009011
Bulgaria,2021_fall,-0.25599460780476924,0.37126927226170603,0.8001308190830263
Bulgaria,2021_spring,0.1465815690419582,0.25928449942988335,0.6505877511725799
Bulgaria,2021_summer,-0.23510350778670713,-0.051937294674746275,0.2224653215699229
Bulgaria,2021_winter,0.08715859883003954,-0.3034310096725877,-0.20412747710907966
Bulgaria,2022_spring,-1.359433721181221,-0.5496448902216202,-0.6230011597947238
Bulgaria,2022_winter,-0.24942628990098908,-0.31817780360317366,-0.1791349608579752
Burundi,2020_fall,-1.9040702758963182,-0.6024325334252024,-0.7302492497009011
Burundi,2020_spring,-2.0314199707610747,-0.6024325334252024,-0.7302492497009011
Burundi,2020_summer,-1.9615557288587573,-0.6024325334252024,-0.7302492497009011
Burundi,2020_winter,-2.3151926205603313,-0.6024325334252024,-0.7302492497009011
Burundi,2021_fall,-1.9191170523898684,-0.6014945474534426,-0.728235330178916
Burundi,2021_spring,-1.7679061224670156,-0.6024325334252024,-0.7302492497009011
Burundi,2021_summer,-1.8258729914801488,-0.6024325334252024,-0.7302492497009011
Burundi,2021_winter,-1.775343453386547,-0.6013554139475391,-0.72793790709135
Burundi,2022_spring,-1.551837845896356,-0.5994473892633231,-0.7238398103515618
Burundi,2022_winter,-1.494787612494898,-0.5961680766293571,-0.7168237582720746
Cambodia,2020_fall,-0.1347307861263236,-0.6024325334252024,-0.7302492497009011
Cambodia,2020_spring,-0.1446048649842683,-0.6024325334252024,-0.7302492497009011
Cambodia,2020_summer,0.12225364657108218,-0.6024325334252024,-0.7302492497009011
Cambodia,2020_winter,-1.3842125567574306,-0.6024325334252024,-0.7302492497009011
Cambodia,2021_fall,1.2830066593464537,2.388682724205673,2.097521905258904
Cambodia,2021_spring,1.308156439812964,0.45441491806982837,0.7041509000169739
Cambodia,2021_summer,1.7344747601597927,3.1913560209723095,2.835507432191057
Cambodia,2021_winter,0.28859383335980676,-0.5045282279893477,-0.5416163513914388
Cambodia,2022_spring,-1.3464391349037708,-0.26429758145326043,-0.13720693986492954
Cambodia,2022_winter,-0.8367866955695498,-0.4581672945991745,-0.43739604678890615
Canada,2020_fall,0.864436444179154,-0.6024325334252024,-0.7302492497009011
Canada,2020_spring,0.18148128698970478,-0.6024325334252024,-0.7302492497009011
Canada,2020_summer,1.0203735835996874,-0.6024325334252024,-0.7302492497009011
Canada,2020_winter,-1.2003504171814554,-0.6024325334252024,-0.7302492497009011
Canada,2021_fall,0.8036837585090314,0.03718890454453848,0.3674058029274271
Canada,2021_spring,1.3373915236187568,3.0063632799515108,2.526025151425071
Canada,2021_summer,0.9860360788020526,2.1517844748698143,1.9263194914420732
Canada,2021_winter,1.1222961086505412,-0.07201083747403059,0.1511940935806324
Canada,2022_spring,-0.9121969943892126,-0.5360352850880425,-0.5925820892308434
Canada,2022_winter,0.9854338411628781,-0.10754334339459425,0.14289264917576663
Central African Republic,2020_fall,-0.4272238607446879,-0.6024325334252024,-0.7302492497009011
Central African Republic,2020_spring,-0.363278006374681,-0.6024325334252024,-0.7302492497009011
Central African Republic,2020_summer,0.6228169265542545,-0.6024325334252024,-0.7302492497009011
Central African Republic,2020_winter,-2.2726091826216535,-0.6024325334252024,-0.7302492497009011
Central African Republic,2021_fall,-1.741195106381558,-0.10487988228312922,0.09017693429781241
Central African Republic,2021_spring,-1.954487665932656,-0.5941766743263772,-0.7132674599031246
Central African Republic,2021_summer,-2.00530904146608,-0.4149982718928569,-0.3575419002229654
Central African Republic,2021_winter,-1.4997190877717694,-0.5348617865980362,-0.601581406408869
Central African Republic,2022_spring,-1.5528526490486714,0.13105986625930435,0.4574369501496791
Central African Republic,2022_winter,-1.6248781432240278,0.15887445496109304,0.5139120801740724
Chile,2020_fall,1.9525587560336215,-0.6024325334252024,-0.7302492497009011
Chile,2020_spring,0.11736458041988869,-0.6024325334252024,-0.7302492497009011
Chile,2020_summer,1.916064557827063,-0.6024325334252024,-0.7302492497009011
Chile,2020_winter,-1.2075776259094393,-0.6024325334252024,-0.7302492497009011
Chile,2021_fall,-0.2585043677054163,0.626388273778631,0.9677176561899662
Chile,2021_spring,1.6257433260737635,3.3445580148608145,2.95164991873154
Chile,2021_summer,1.3184908938102957,1.96960151255292,2.1306586726110477
Chile,2021_winter,0.7267334987696321,-0.17598482447053712,-0.10428635239561675
Chile,2022_spring,-1.1709717982296937,-0.4827111264446626,-0.48978031393959026
Chile,2022_winter,-1.0603157052288723,-0.10088205761475817,0.16382009829624958
China,2020_fall,0.7568761472164478,-0.6024325334252024,-0.7302492497009011
China,2020_spring,1.1331751715688587,-0.6024325334252024,-0.7302492497009011
China,2020_summer,1.5552541691056405,-0.6024325334252024,-0.7302492497009011
China,2020_winter,0.26319880513193356,-0.6024325334252024,-0.7302492497009011
China,2021_fall,1.5288924321478727,0.8590561177653294,1.2431211432196576
China,2021_spring,0.8342515736369829,-0.6024325334252024,-0.7302492497009011
China,2021_summer,1.356484888174786,1.948329906925446,1.9000747110145806
China,2021_winter,1.5415119291130972,-0.36003204390879107,-0.3253786516530754
China,2022_spring,1.5700157711146168,-0.46584792424954846,-0.4525406818044736
China,2022_winter,1.5715943537959969,-0.3738002409485943,-0.3011498916473686
Colombia,2020_fall,1.0998118609647178,-0.6024325334252024,-0.7302492497009011
Colombia,2020_spring,0.6704072597474424,-0.6024325334252024,-0.7302492497009011
Colombia,2020_summer,1.9966798637705832,-0.6024325334252024,-0.7302492497009011
Colombia,2020_winter,-1.3261790454397593,-0.6024325334252024,-0.7302492497009011
Colombia,2021_fall,-0.1665976671183418,1.5708054495633792,1.9506387503378013
Colombia,2021_spring,1.4575704759102357,0.03840473046850694,0.27662044285571663
Colombia,2021_summer,0.26619452081929035,2.4149648334484617,2.5250419060936258
Colombia,2021_winter,0.8715886707504814,0.30642145181182084,0.31042840681688005
Colombia,2022_spring,-0.6755648974864695,-0.3473648140162048,-0.2537661369447875
Colombia,2022_winter,-0.07351856695326561,0.5636697240483562,0.9864057076303873
Costa Rica,2020_fall,0.5328889132664495,-0.6024325334252024,-0.7302492497009011
Costa Rica,2020_spring,0.3447570754557418,-0.6024325334252024,-0.7302492497009011
Costa Rica,2020_summer,1.1960959127400093,-0.6024325334252024,-0.7302492497009011
Costa Rica,2020_winter,-1.470535229020957,-0.6024325334252024,-0.7302492497009011
Costa Rica,2021_fall,0.15250711048411278,1.1775606589472523,1.5545454908335992
Costa Rica,2021_spring,0.5113855227293667,0.5468332737197154,0.9081047006978098
Costa Rica,2021_summer,0.37704224976453454,3.5670066828516847,3.0210249056915575
Costa Rica,2021_winter,0.42608370447416477,-0.2849469075300727,-0.16429454560644402
Costa Rica,2022_spring,-1.3716815655164014,0.03203482635507282,0.3396482290755967
Costa Rica,2022_winter,-0.18682761494557085,-0.07241040748058829,0.1985334906991795
Croatia,2020_fall,-1.0207585114270468,-0.6024325334252024,-0.7302492497009011
Croatia,2020_spring,0.9121042079259504,-0.6024325334252024,-0.7302492497009011
Croatia,2020_summer,-0.13436846163362454,-0.6024325334252024,-0.7302492497009011
Croatia,2020_winter,-1.4886311013562454,-0.6024325334252024,-0.7302492497009011
Croatia,2021_fall,-0.8530464572211335,0.25604990922472737,0.6174080062438912
Croatia,2021_spring,-0.1263922729755321,1.5638232439272302,1.7921408905378688
Croatia,2021_summer,-0.719958485024851,1.0810990904066644,1.3923968474474957
Croatia,2021_winter,-0.0661341188574848,0.08836287555166887,0.260088136153222
Croatia,2022_spring,-1.5920789394520158,-0.5695320017529543,-0.6608981163811748
Croatia,2022_winter,-0.894534739105095,-0.32200221206444096,-0.19371482222249406
Cyprus,2020_fall,0.4341245588663399,-0.6024325334252024,-0.7302492497009011
Cyprus,2020_spring,0.7995597398929449,-0.6024325334252024,-0.7302492497009011
Cyprus,2020_summer,0.3916934571255212,-0.6024325334252024,-0.7302492497009011
Cyprus,2020_winter,-1.306279852236891,-0.6024325334252024,-0.7302492497009011
Cyprus,2021_fall,-0.04869197488442425,-0.0389120601821085,0.23394567990876222
Cyprus,2021_spring,1.0964701434310096,2.2138767979514444,2.185839032763057
Cyprus,2021_summer,0.15765624229905528,1.8628532947993752,2.1083668239918523
Cyprus,2021_winter,0.9883676221839333,-0.11547270591578696,0.10562015929596405
Cyprus,2022_spring,-0.4576247513096063,-0.5314773448062642,-0.5820048762793286
Cyprus,2022_winter,-0.25753620523983,-0.1874209297464626,0.022964799555943615
Czechia,2020_fall,0.12492331739765843,-0.6024325334252024,-0.7302492497009011
Czechia,2020_spring,0.26344910271200983,-0.6024325334252024,-0.7302492497009011
Czechia,2020_summer,-0.6185362427084958,-0.6024325334252024,-0.7302492497009011
Czechia,2020_winter,-1.1456380798168169,-0.6024325334252024,-0.7302492497009011
Czechia,2021_fall,-0.4574116770144422,-0.06956463059614958,0.19334545505604547
Czechia,2021_spring,1.175898321158612,1.7174187974520492,1.8829476234189406
Czechia,2021_summer,-0.2249112903498072,1.9709996471248923,2.1180512828835227
Czechia,2021_winter,0.8372704534548779,-0.019754866870213217,0.2336746822478511
Czechia,2022_spring,-1.4064720811344664,-0.5822461594433219,-0.6872525677802853
Czechia,2022_winter,-0.6478333270662724,-0.34862906573658886,-0.24166430797694002
Denmark,2020_fall,-0.03924208079841957,-0.6024325334252024,-0.7302492497009011
Denmark,2020_spring,0.2792617683771191,-0.6024325334252024,-0.7302492497009011
Denmark,2020_summer,0.4080725441230037,-0.6024325334252024,-0.7302492497009011
Denmark,2020_winter,-1.7265719790731147,-0.6024325334252024,-0.7302492497009011
Denmark,2021_fall,-1.4018944204706105,-0.2807963811616638,-0.13679700668024272
Denmark,2021_spring,0.7219776917233802,1.5355802188847465,1.8505023512485275
Denmark,2021_summer,-0.23029018891621758,3.7497766160695982,3.164044873094422
Denmark,2021_winter,0.22942251244711462,-0.03775947232628365,0.17478560499627382
Denmark,2022_spring,-2.009539597229749,-0.5935594903390926,-0.7112482054067532
Denmark,2022_winter,-1.215416772349244,-0.183585675567281,-0.04432542602623355
Djibouti,2020_fall,-0.1357676822355112,-0.6024325334252024,-0.7302492497009011
Djibouti,2020_spring,0.5595123991608711,-0.6024325334252024,-0.7302492497009011
Djibouti,2020_summer,0.3296071984967889,-0.6024325334252024,-0.7302492497009011
Djibouti,2020_winter,-1.8212915817084598,-0.6024325334252024,-0.7302492497009011
Djibouti,2021_fall,-0.24497169518948606,-0.19440376560635522,0.01808293480596421
Djibouti,2021_spring,-0.6406376159449114,-0.5792145881907093,-0.68267665460801
Djibouti,2021_summer,-0.3365249084666099,-0.43073339091030405,-0.3895028294613993
Djibouti,2021_winter,-0.3934304739134402,-0.43323086517115544,-0.42452943348244276
Djibouti,2022_spring,-0.08013712587748764,-0.3742050366542332,-0.2817361872508189
Djibouti,2022_winter,-0.37282805519850404,-0.1693594698631362,0.06370075176333785
Dominica,2020_fall,-0.9531069317577279,-0.6024325334252024,-0.7302492497009011
Dominica,2020_spring,-0.3054887226529749,-0.6024325334252024,-0.7302492497009011
Dominica,2020_summer,0.22347137122953695,-0.6024325334252024,-0.7302492497009011
Dominica,2020_winter,-1.9147300606386524,-0.6024325334252024,-0.7302492497009011
Dominica,2021_fall,0.6218557777257705,0.3994384490961772,0.7701104824864422
Dominica,2021_spring,-1.028834013186506,2.0654372223174526,1.762151418457928
Dominica,2021_summer,-0.6053578991389681,-0.2882391324124934,-0.13473175175752125
Dominica,2021_winter,-0.3915731926724097,-0.47725581415222185,-0.4985821297267316
Dominica,2022_spring,-0.2238370816912364,-0.49538823099220075,-0.5114791386853315
Dominica,2022_winter,0.835702508123103,0.005958664088555133,0.29160562823965647
Dominican Republic,2020_fall,1.2124447008252104,-0.6024325334252024,-0.7302492497009011
Dominican Republic,2020_spring,0.9060242261948054,-0.6024325334252024,-0.7302492497009011
Dominican Republic,2020_summer,1.7062601605523684,-0.6024325334252024,-0.7302492497009011
Dominican Republic,2020_winter,-1.4152519560920653,-0.6024325334252024,-0.7302492497009011
Dominican Republic,2021_fall,0.39759753683814336,0.39176554129127206,0.725795121502724
Dominican Republic,2021_spring,0.8148472244118427,1.1426945230220946,1.1454086320506989
Dominican Republic,2021_summer,0.6403902956774976,2.417114780835478,2.2648619767082594
Dominican Republic,2021_winter,0.5459070653645633,-0.5142154218571648,-0.558324922754537
Dominican Republic,2022_spring,-2.2655699648721437,-0.42851830883088615,-0.3961186610707035
Dominican Republic,2022_winter,-0.31528424877537514,-0.4590239359849872,-0.43889945585411216
Ecuador,2020_fall,0.372888773872619,-0.6024325334252024,-0.7302492497009011
Ecuador,2020_spring,0.9404715645494603,-0.6024325334252024,-0.7302492497009011
Ecuador,2020_summer,1.6279862872190427,-0.6024325334252024,-0.7302492497009011
Ecuador,2020_winter,-1.5039906605604183,-0.6024325334252024,-0.7302492497009011
Ecuador,2021_fall,0.16409560279531618,0.700668266919271,1.0380129924360497
Ecuador,2021_spring,0.9135101616194546,0.249061857374648,0.5411904002253881
Ecuador,2021_summer,0.4320036350066383,4.255640032855286,2.8799107977056866
Ecuador,2021_winter,0.6780612419170604,-0.034399003256968534,0.032892448229446154
Ecuador,2022_spring,-0.9750764953742027,-0.3552849315568261,-0.28255171771534526
Ecuador,2022_winter,-0.0755183886790031,-0.005156356890554529,0.294722578199914
Egypt,2020_fall,1.2110602088612386,-0.6024325334252024,-0.7302492497009011
Egypt,2020_spring,0.31583592204664207,-0.6024325334252024,-0.7302492497009011
Egypt,2020_summer,1.4662852005551898,-0.6024325334252024,-0.7302492497009011
Egypt,2020_winter,-1.2978411460920778,-0.6024325334252024,-0.7302492497009011
Egypt,2021_fall,-0.5923790234086267,0.9007529155482162,1.3484685415011772
Egypt,2021_spring,-0.047915986075438115,-0.5035257544470217,-0.5300241586696008
Egypt,2021_summer,-0.3764571915806606,-0.35696297215423883,-0.26780639743270485
Egypt,2021_winter,0.015343724176861593,0.11732661532952539,0.17233050051251075
Egypt,2022_spring,-0.5433532792461049,0.04503079662164329,0.32263920790676287
Egypt,2022_winter,-0.530371457788181,0.6737927797214671,1.1015864407623697
El Salvador,2020_fall,0.623069417489934,-0.6024325334252024,-0.7302492497009011
El Salvador,2020_spring,1.1094384987056976,-0.6024325334252024,-0.7302492497009011
El Salvador,2020_summer,2.274998518078167,-0.6024325334252024,-0.7302492497009011
El Salvador,2020_winter,-1.443638593841573,-0.6024325334252024,-0.7302492497009011
El Salvador,2021_fall,-0.9928330139409739,1.2337305561021938,1.5625757038756447
El Salvador,2021_spring,-0.7975901897450994,0.8490740353369979,0.9198114564605799
El Salvador,2021_summer,-1.0697341782206586,2.7670663496816847,2.604082022627755
El Salvador,2021_winter,-0.43236317346768716,-0.47496204064993836,-0.4912504660876345
El Salvador,2022_spring,-1.2229841828582306,-0.5234002927867544,-0.5665641272942844
El Salvador,2022_winter,-0.9252639146439768,-0.3809949948724464,-0.2933337530168832
Estonia,2020_fall,-0.7766107178995503,-0.6024325334252024,-0.7302492497009011
Estonia,2020_spring,0.026736325603801243,-0.6024325334252024,-0.7302492497009011
Estonia,2020_summer,-0.6749111563721746,-0.6024325334252024,-0.7302492497009011
Estonia,2020_winter,-1.7477801464964653,-0.6024325334252024,-0.7302492497009011
Estonia,2021_fall,-1.0796612801750958,0.3259526266280305,0.72670297727326
Estonia,2021_spring,0.1174887217965971,1.8002130448542084,2.1076051448517408
Estonia,2021_summer,-1.1312174043313452,1.4892629863627052,1.8672945954350801
Estonia,2021_winter,-0.3372971800479322,-0.18084979255649727,0.026016739591089133
Estonia,2022_spring,-0.9748360912731302,-0.5641654863323422,-0.649350624436466
Estonia,2022_winter,-0.3095315701089989,-0.3643210240318603,-0.26560667874367494
Eswatini,2020_fall,0.40249333608095506,-0.6024325334252024,-0.7302492497009011
Eswatini,2020_spring,0.5416377241877189,-0.6024325334252024,-0.7302492497009011
Eswatini,2020_summer,1.6901655466757506,-0.6024325334252024,-0.7302492497009011
Eswatini,2020_winter,-1.729705162047674,-0.6024325334252024,-0.7302492497009011
Eswatini,2021_fall,0.43851369296488885,0.6824890437356763,1.057985574031485
Eswatini,2021_spring,0.601962858540092,-0.26676640779296446,-0.2552552567735499
Eswatini,2021_summer,0.6081699273755287,-0.10586710184730753,-0.16602076082017828
Eswatini,2021_winter,0.7903405944676029,-0.17307264876965595,-0.10636286937357461
Eswatini,2022_spring,-0.740320826941779,-0.5239954426958527,-0.5710670928653213
Eswatini,2022_winter,0.4279686428241679,0.19941387950087042,0.5312784643096945
Ethiopia,2020_fall,0.9552119853743877,-0.6024325334252024,-0.7302492497009011
Ethiopia,2020_spring,0.038342492280502655,-0.6024325334252024,-0.7302492497009011
Ethiopia,2020_summer,1.649272535551443,-0.6024325334252024,-0.7302492497009011
Ethiopia,2020_winter,-1.6182473996993492,-0.6024325334252024,-0.7302492497009011
Ethiopia,2021_fall,-0.3365249084666099,-0.49687107303301226,-0.5189981572828452
Ethiopia,2021_spring,-0.4004000653746265,-0.5237178805836525,-0.5726424132214074
Ethiopia,2021_summer,-0.3365249084666099,-0.5344889593837152,-0.5897951389836481
Ethiopia,2021_winter,-0.1469354264569543,-0.16326825398702363,-0.15015893740815525
Ethiopia,2022_spring,-0.5162663322119702,0.6862658358524084,0.6346547413766458
Ethiopia,2022_winter,-0.48083544814768464,-0.5462759209619383,-0.6168221506122873
Fiji,2020_fall,0.023260367055956802,-0.6024325334252024,-0.7302492497009011
Fiji,2020_spring,0.6561793955219436,-0.6024325334252024,-0.7302492497009011
Fiji,2020_summer,0.5340941366660893,-0.6024325334252024,-0.7302492497009011
Fiji,2020_winter,-1.417236305309286,-0.6024325334252024,-0.7302492497009011
Fiji,2021_fall,2.077728612487018,0.5288164046087893,0.8924082738179205
Fiji,2021_spring,0.23781538128544819,0.345728489670235,0.39682351945981836
Fiji,2021_summer,1.87044365393217,3.922474233785435,3.2198807962608504
Fiji,2021_winter,0.6582502420127355,-0.30341054258637296,-0.2742106149391993
Fiji,2022_spring,-0.7752964324429713,-0.3570445747787673,-0.28041429555261715
Fiji,2022_winter,1.0467219946469617,-0.4788465594366635,-0.4825323027089967
Finland,2020_fall,-0.7547121790481296,-0.6024325334252024,-0.7302492497009011
Finland,2020_spring,0.22858936249574616,-0.6024325334252024,-0.7302492497009011
Finland,2020_summer,-0.5426530377178227,-0.6024325334252024,-0.7302492497009011
Finland,2020_winter,-1.559587251786766,-0.6024325334252024,-0.7302492497009011
Finland,2021_fall,-1.1729760385468055,0.13428632035636004,0.44021610064075634
Finland,2021_spring,0.1347266987936135,2.480134647063949,2.5145805232460168
Finland,2021_summer,-0.2778813637458579,2.4606912153629663,2.50055764436163
Finland,2021_winter,-0.16478064415427773,-0.21431508341242028,-0.07738889004009235
Finland,2022_spring,-1.6646214088181746,-0.5040428602205986,-0.5469228385518917
Finland,2022_winter,-1.094168006611778,-0.14411135782389967,-0.0862905514093786
France,2020_fall,0.3668087921414734,-0.6024325334252024,-0.7302492497009011
France,2020_spring,1.042063817429173,-0.6024325334252024,-0.7302492497009011
France,2020_summer,0.39183022304901427,-0.6024325334252024,-0.7302492497009011
France,2020_winter,-1.1507695372662619,-0.6024325334252024,-0.7302492497009011
France,2021_fall,-0.39874456647302614,0.20272966148949498,0.5052354834015554
France,2021_spring,0.944501319882894,1.8791400036318193,2.0621378981400813
France,2021_summer,-0.20574638669533604,3.2596009904587437,3.0172511756812668
France,2021_winter,0.3553729867099847,-0.18950417424419702,-0.03056981670464376
France,2022_spring,-1.5201364166035782,-0.5695860046518412,-0.6609220685480514
France,2022_winter,-0.30004305426135197,-0.2756714936698248,-0.11322999831621589
Gambia,2020_fall,0.8014037653598519,-0.6024325334252024,-0.7302492497009011
Gambia,2020_spring,0.22897230708152586,-0.6024325334252024,-0.7302492497009011
Gambia,2020_summer,1.0547838899504434,-0.6024325334252024,-0.7302492497009011
Gambia,2020_winter,-1.7967413524455793,-0.6024325334252024,-0.7302492497009011
Gambia,2021_fall,-1.51056820245966,-0.22919881899934058,-0.0778550536490035
Gambia,2021_spring,-0.38638429353509784,-0.509679225012853,-0.5428939643903119
Gambia,2021_summer,-0.9460843172000487,-0.20203388280956397,-0.103461911915222
Gambia,2021_winter,-0.7999133868988283,-0.5790218573516773,-0.6815246660803125
Gambia,2022_spring,-1.9250556391970337,-0.4274623774520215,-0.37858300004073303
Gambia,2022_winter,-1.9250556391970337,-0.14793363321282788,0.07805170670303749
Georgia,2020_fall,0.5809572959645224,-0.6024325334252024,-0.7302492497009011
Georgia,2020_spring,1.3692281056984936,-0.6024325334252024,-0.7302492497009011
Georgia,2020_summer,0.6009672026170652,-0.6024325334252024,-0.7302492497009011
Georgia,2020_winter,-0.8047129590405978,-0.6024325334252024,-0.7302492497009011
Georgia,2021_fall,-0.15992853987061334,0.7805580244297556,1.0476608758709312
Georgia,2021_spring,0.8636890710095456,-0.4420819934886031,-0.42552585347121075
Georgia,2021_summer,-0.42611626717351003,0.595358985465733,0.8453799109720788
Georgia,2021_winter,1.1756849663179636,-0.1052180835964657,-0.029316530249786504
Georgia,2022_spring,-1.6644618485740998,-0.3787872442291435,-0.2993269167169284
Georgia,2022_winter,-0.33413363227540943,0.44552088746302393,0.8925125072931003
Germany,2020_fall,0.31730878583810157,-0.6024325334252024,-0.7302492497009011
Germany,2020_spring,0.386115090719925,-0.6024325334252024,-0.7302492497009011
Germany,2020_summer,0.47834834625047695,-0.6024325334252024,-0.7302492497009011
Germany,2020_winter,-1.188186704611333,-0.6024325334252024,-0.7302492497009011
Germany,2021_fall,-0.7880519238316074,0.0595941222575712,0.38679310189960775
Germany,2021_spring,1.432241426879394,2.4427867509432444,2.3261065079294383
Germany,2021_summer,0.9509937034756477,2.0290837830693453,2.1755685329473478
Germany,2021_winter,1.0761576684738778,-0.02737603860335438,0.24639922548160698
Germany,2022_spring,-1.3156950670754417,-0.5475302803340901,-0.6156148648884578
Germany,2022_winter,-0.48400112339012835,-0.13795833437929902,0.10238592834618805
Ghana,2020_fall,-0.3345512709860546,-0.6024325334252024,-0.7302492497009011
Ghana,2020_spring,-0.08940193008036566,-0.6024325334252024,-0.7302492497009011
Ghana,2020_summer,0.43539290499989874,-0.6024325334252024,-0.7302492497009011
Ghana,2020_winter,-1.8631648315062375,-0.6024325334252024,-0.7302492497009011
Ghana,2021_fall,-0.4746677491951816,-0.15343421163034152,0.02023531173475575
Ghana,2021_spring,-0.1729966290648945,-0.348400673472446,-0.2732895897237308
Ghana,2021_summer,-0.3776649398896577,-0.5971580748801351,-0.7189763673644702
Ghana,2021_winter,-0.5754312707148993,-0.5221689962646456,-0.5841863886569724
Ghana,2022_spring,-0.07911594031540906,0.008199011106836594,0.19056556156055318
Ghana,2022_winter,0.06897936835511927,1.4860454418745024,1.4849846989116249
Greece,2020_fall,0.6874689139077094,-0.6024325334252024,-0.7302492497009011
Greece,2020_spring,0.6305574570057141,-0.6024325334252024,-0.7302492497009011
Greece,2020_summer,0.34513286613167676,-0.6024325334252024,-0.7302492497009011
Greece,2020_winter,-1.06960617296751,-0.6024325334252024,-0.7302492497009011
Greece,2021_fall,1.0790857216912995,0.28324536868852834,0.6750117572561863
Greece,2021_spring,1.7131258099117,1.4834774044946928,1.7911715856896637
Greece,2021_summer,0.5153559426929152,2.3050672540837724,2.3630917732419316
Greece,2021_winter,1.5631929750779787,0.14759492400849192,0.43328099145266175
Greece,2022_spring,-0.042659615749203066,-0.5052969113679976,-0.5331873127600708
Greece,2022_winter,1.2240763971409638,0.2007425973220576,0.5879868154837026
Guatemala,2020_fall,0.6546947488201524,-0.6024325334252024,-0.7302492497009011
Guatemala,2020_spring,1.1461540472992005,-0.6024325334252024,-0.7302492497009011
Guatemala,2020_summer,2.3462207403962094,-0.6024325334252024,-0.7302492497009011
Guatemala,2020_winter,-1.5337419735610678,-0.6024325334252024,-0.7302492497009011
Guatemala,2021_fall,0.3394960059926484,0.9786213043257566,1.4288535287315203
Guatemala,2021_spring,0.10206152562662427,-0.4678239064283891,-0.46484178214620325
Guatemala,2021_summer,0.1330770913471792,0.6847797438263782,0.9443924023138366
Guatemala,2021_winter,0.21411111142569858,-0.19971973305676924,-0.1246707021211678
Guatemala,2022_spring,-0.19639910212013675,0.03000432928390976,0.30471773565416266
Guatemala,2022_winter,0.30414989342213744,0.0575166130704657,0.4018788499092451
Guinea,2020_fall,0.5534795490710538,-0.6024325334252024,-0.7302492497009011
Guinea,2020_spring,0.09533053809965454,-0.6024325334252024,-0.7302492497009011
Guinea,2020_summer,1.3663366636667458,-0.6024325334252024,-0.7302492497009011
Guinea,2020_winter,-1.60020722839472,-0.6024325334252024,-0.7302492497009011
Guinea,2021_fall,0.8210753341585858,0.08078967468602773,0.4176054758037682
Guinea,2021_spring,0.664027234621066,-0.5182027668984251,-0.5607668616484476
Guinea,2021_summer,0.6628544142248378,-0.28508431977565457,-0.13146806295873573
Guinea,2021_winter,0.188351705622266,-0.537063138049564,-0.6009018539731195
Guinea,2022_spring,0.07815940106422191,0.21139102010004093,0.4299720749530338
Guinea,2022_winter,0.608497230440298,1.096477253722457,1.0538061071480314
Guyana,2020_fall,1.305117290583844,-0.6024325334252024,-0.7302492497009011
Guyana,2020_spring,0.4397685729152124,-0.6024325334252024,-0.7302492497009011
Guyana,2020_summer,1.596590301822066,-0.6024325334252024,-0.7302492497009011
Guyana,2020_winter,-1.1810848232023319,-0.6024325334252024,-0.7302492497009011
Guyana,2021_fall,1.0850243084984639,0.6834950899852423,1.116689835452021
Guyana,2021_spring,0.6058141869456455,1.2253076872544466,1.3905859573854382
Guyana,2021_summer,0.46079517640208856,0.7550841850226341,1.1358716501469956
Guyana,2021_winter,0.6961043143170369,-0.4083285095848712,-0.3888842655857674
Guyana,2022_spring,-0.8257940584877578,-0.0011257417731457323,0.047579123025889
Guyana,2022_winter,0.9487562597248881,-0.21379312397176772,-0.004846110117596048
Haiti,2020_fall,-0.5504672113588552,-0.6024325334252024,-0.7302492497009011
Haiti,2020_spring,0.6490743005919426,-0.6024325334252024,-0.7302492497009011
Haiti,2020_summer,0.5427158604830677,-0.6024325334252024,-0.7302492497009011
Haiti,2020_winter,-1.8934731548134753,-0.6024325334252024,-0.7302492497009011
Haiti,2021_fall,0.7612829556804954,-0.5326607056520342,-0.5849505557100317
Haiti,2021_spring,-0.8142263966787483,-0.6024325334252024,-0.7302492497009011
Haiti,2021_summer,0.11359404911375222,-0.5847934162728832,-0.6931855461086135
Haiti,2021_winter,-0.31252704775776274,-0.5863108513719414,-0.6971107204936436
Haiti,2022_spring,-0.5354263263204697,-0.5729398031837235,-0.6677039221536976
Haiti,2022_winter,-0.17213956261100663,-0.5680324107080268,-0.6578976641286504
Hungary,2020_fall,-0.08026428311815013,-0.6024325334252024,-0.7302492497009011
Hungary,2020_spring,0.29833240874893735,-0.6024325334252024,-0.7302492497009011
Hungary,2020_summer,0.1135936282955263,-0.6024325334252024,-0.7302492497009011
Hungary,2020_winter,-1.2617747287404837,-0.6024325334252024,-0.7302492497009011
Hungary,2021_fall,-1.0429810803125878,-0.27900493124889153,-0.12811656244629654
Hungary,2021_spring,1.1364386169125071,3.372378583633267,2.9544862723554903
Hungary,2021_summer,-0.6913672531050384,0.5290046709869445,0.7472561913464841
Hungary,2021_winter,0.4768302444997085,-0.2440554386686596,-0.12252461549337969
Hungary,2022_spring,-1.9309721330473266,-0.5728832852285158,-0.6680290801427445
Hungary,2022_winter,-1.1383768315700975,-0.3140795259557555,-0.17766717837286414
Iceland,2020_fall,-0.27660880943003635,-0.6024325334252024,-0.7302492497009011
Iceland,2020_spring,-0.414103590090366,-0.6024325334252024,-0.7302492497009011
Iceland,2020_summer,-0.41321776772435975,-0.6024325334252024,-0.7302492497009011
Iceland,2020_winter,-1.3622176122760241,-0.6024325334252024,-0.7302492497009011
Iceland,2021_fall,-0.9867059005685025,-0.4070687292371246,-0.3497774090729417
Iceland,2021_spring,-0.12543491151108319,2.5881364872061083,2.300856474348442
Iceland,2021_summer,-1.075772919765643,2.6912011950071624,2.2148227688783084
Iceland,2021_winter,-0.2716413308160405,-0.3087163362499656,-0.21182604516295528
Iceland,2022_spring,-2.032107798151686,-0.5830036291519889,-0.6891876341424733
Iceland,2022_winter,-0.6546922900915668,0.22268921567400907,0.3865768507784707
India,2020_fall,1.0230403086986817,-0.6024325334252024,-0.7302492497009011
India,2020_spring,0.9963461253422685,-0.6024325334252024,-0.7302492497009011
India,2020_summer,1.9575101032822821,-0.6024325334252024,-0.7302492497009011
India,2020_winter,-1.2120824467639721,-0.6024325334252024,-0.7302492497009011
India,2021_fall,0.5490550662415088,1.6622180574594212,1.9665809487888013
India,2021_spring,0.9773415534319536,0.24910596902599433,0.5838748428022231
India,2021_summer,1.559716525575537,1.282197365760831,1.6989332452326338
India,2021_winter,0.6625583686027549,-0.09524055933884598,0.02790138592233837
India,2022_spring,-0.11677854032682057,-0.24918643881662111,-0.08622142379913214
India,2022_winter,1.0080360816035512,0.8120178439089832,1.22483334215819
Indonesia,2020_fall,0.5938065596812158,-0.6024325334252024,-0.7302492497009011
Indonesia,2020_spring,0.3033106883640703,-0.6024325334252024,-0.7302492497009011
Indonesia,2020_summer,0.8294975901363776,-0.6024325334252024,-0.7302492497009011
Indonesia,2020_winter,-0.9322567148679377,-0.6024325334252024,-0.7302492497009011
Indonesia,2021_fall,0.8255822973604521,2.0435227389325403,2.3119378818462075
Indonesia,2021_spring,1.1511710421911372,-0.18263846902055916,0.028196174966407247
Indonesia,2021_summer,1.1713282352228263,0.7592217955099358,1.1842827830063287
Indonesia,2021_winter,0.885278939692098,0.042008823811414485,0.1440195873733863
Indonesia,2022_spring,-0.006005436480344025,-0.16735258703179923,0.05715911530899832
Indonesia,2022_winter,0.6659984874650065,1.5439846771476946,1.892016841319673
Iran,2020_fall,0.715164644642314,-0.6024325334252024,-0.7302492497009011
Iran,2020_spring,-0.22912957224854721,-0.6024325334252024,-0.7302492497009011
Iran,2020_summer,0.056518473103565094,-0.6024325334252024,-0.7302492497009011
Iran,2020_winter,-1.2526119091971053,-0.6024325334252024,-0.7302492497009011
Iran,2021_fall,1.1775613947882835,3.8558357503514147,3.135298645550614
Iran,2021_spring,1.6617838822325512,-0.4242645273518565,-0.3992081567249747
Iran,2021_summer,1.1571592855489856,0.7747704993125634,0.9394059789775625
Iran,2021_winter,1.1807079228014379,-0.2661931934551868,-0.20119604917743353
Iran,2022_spring,0.5831101318730388,-0.2606666997126652,-0.12113088437273033
Iran,2022_winter,0.4104468005548361,-0.13288089775822912,0.11733716352904722
Iraq,2020_fall,0.7298108021845879,-0.6024325334252024,-0.7302492497009011
Iraq,2020_spring,1.443495789519049,-0.6024325334252024,-0.7302492497009011
Iraq,2020_summer,2.263362473307411,-0.6024325334252024,-0.7302492497009011
Iraq,2020_winter,-1.7181471981859664,-0.6024325334252024,-0.7302492497009011
Iraq,2021_fall,1.305005352935693,0.30963777706467194,0.7241724487285471
Iraq,2021_spring,1.3944338549890805,-0.5269011768583146,-0.5772586165778945
Iraq,2021_summer,1.2814041835413452,-0.1489577278564321,0.03423469305245302
Iraq,2021_winter,0.3606257099449265,-0.27293236627350054,-0.20843253563888747
Iraq,2022_spring,-0.40452948449128207,-0.36542402513735833,-0.2742435584949967
Iraq,2022_winter,0.9057558376816947,-0.0933988991622238,0.18229824786544035
Ireland,2020_fall,0.9662466809000025,-0.6024325334252024,-0.7302492497009011
Ireland,2020_spring,0.6502525916251101,-0.6024325334252024,-0.7302492497009011
Ireland,2020_summer,0.5742267292557787,-0.6024325334252024,-0.7302492497009011
Ireland,2020_winter,-1.14310368292184,-0.6024325334252024,-0.7302492497009011
Ireland,2021_fall,-0.4156412598886497,0.006875042371311168,0.21458266659628125
Ireland,2021_spring,1.5817648757154605,-0.6024325334252024,-0.7302492497009011
Ireland,2021_summer,-0.24010535322250365,2.8550082773389795,2.7912902934976813
Ireland,2021_winter,1.1252766940098582,-0.5288120271652101,-0.5846914752635525
Ireland,2022_spring,-2.0368626934251144,-0.5431729377226078,-0.6068721808747999
Ireland,2022_winter,-1.095614686158056,-0.20799269605118978,-0.04747018750285691
Israel,2020_fall,0.8051742966659884,-0.6024325334252024,-0.7302492497009011
Israel,2020_spring,0.9518302901091967,-0.6024325334252024,-0.7302492497009011
Israel,2020_summer,0.7489260492883759,-0.6024325334252024,-0.7302492497009011
Israel,2020_winter,-1.159876655778981,-0.6024325334252024,-0.7302492497009011
Israel,2021_fall,0.09959006018455459,-0.170467941596213,0.042083492449257826
Israel,2021_spring,0.24294683873489328,1.4164128143590842,1.3634440106920411
Israel,2021_summer,-0.7648749392092006,-0.1562430067306595,0.0363822870659456
Israel,2021_winter,1.0822656346170607,3.5866971232144618,2.48236867672558
Israel,2022_spring,-1.609458241236641,-0.5935436705387254,-0.7112201509483952
Israel,2022_winter,-0.30812743996114095,-0.16540981652397416,0.025751477690234982
Italy,2020_fall,1.1237429518483524,-0.6024325334252024,-0.7302492497009011
Italy,2020_spring,1.5672929369188047,-0.6024325334252024,-0.7302492497009011
Italy,2020_summer,0.9235378391299374,-0.6024325334252024,-0.7302492497009011
Italy,2020_winter,-0.8233171032806476,-0.6024325334252024,-0.7302492497009011
Italy,2021_fall,0.2024607588352539,0.41575526386951495,0.799919484670246
Italy,2021_spring,1.4484181003101066,2.009757232638942,2.145045740390033
Italy,2021_summer,0.718481533900681,2.977225029628783,2.7676028922762343
Italy,2021_winter,0.9589000363082023,-0.21518154803830533,-0.06226601381980941
Italy,2022_spring,-0.6670379980431128,-0.5526212320355622,-0.6270268058621414
Italy,2022_winter,0.1098267908382635,0.07194551219720909,0.4116164122242151
Jamaica,2020_fall,1.287973156051255,-0.6024325334252024,-0.7302492497009011
Jamaica,2020_spring,0.9190502335664729,-0.6024325334252024,-0.7302492497009011
Jamaica,2020_summer,1.4986440180535547,-0.6024325334252024,-0.7302492497009011
Jamaica,2020_winter,-1.0747515556746199,-0.6024325334252024,-0.7302492497009011
Jamaica,2021_fall,1.4907629343145676,0.6405513404515716,0.9909066359650621
Jamaica,2021_spring,1.2619678521310194,-0.11468846670960287,-0.012469379842383194
Jamaica,2021_summer,1.060763296125543,-0.22100806852042085,-0.08772928060338431
Jamaica,2021_winter,1.262077264869813,-0.33808223805061044,-0.2898994278541005
Jamaica,2022_spring,-1.0899237041193888,-0.46863984220627247,-0.4592378435865323
Jamaica,2022_winter,1.31432367118966,-0.29645726845352444,-0.14563984688020126
Japan,2020_fall,-0.7907914504837223,-0.6024325334252024,-0.7302492497009011
Japan,2020_spring,-0.43047594399623024,-0.6024325334252024,-0.7302492497009011
Japan,2020_summer,-1.0436649099300512,-0.6024325334252024,-0.7302492497009011
Japan,2020_winter,-1.6111872940633425,-0.6024325334252024,-0.7302492497009011
Japan,2021_fall,-0.03619619847768156,2.139763352513332,2.185019318123023
Japan,2021_spring,-0.17889944632283797,-0.23410136969325446,-0.11572640557856896
Japan,2021_summer,0.09419937870781289,4.047645461127254,3.4014821545896337
Japan,2021_winter,-0.09604847341662512,-0.5435673069253009,-0.6123700866934104
Japan,2022_spring,-0.20546212398358432,-0.4675191836751419,-0.4576133890065851
Japan,2022_winter,-0.1381596130328422,-0.5210748117489998,-0.5610857847427994
Jordan,2020_fall,1.3015235029326828,-0.6024325334252024,-0.7302492497009011
Jordan,2020_spring,0.8995141682365542,-0.6024325334252024,-0.7302492497009011
Jordan,2020_summer,0.3057935158982451,-0.6024325334252024,-0.7302492497009011
Jordan,2020_winter,-1.081247688375206,-0.6024325334252024,-0.7302492497009011
Jordan,2021_fall,-1.2966671397535763,0.08738239145715875,0.44104751197919423
Jordan,2021_spring,0.9454203868887648,0.13990367049095376,0.45043247657831914
Jordan,2021_summer,0.14499550514766887,1.3513361710360945,1.7207876243332645
Jordan,2021_winter,0.6018807989859967,-0.3835555526754049,-0.32682190688027385
Jordan,2022_spring,-1.5155921408523283,-0.4821757320468684,-0.4879586814246795
Jordan,2022_winter,-0.8329742694711233,-0.08214768252325164,0.19555927491618533
Kazakhstan,2020_fall,1.2621332336938897,-0.6024325334252024,-0.7302492497009011
Kazakhstan,2020_spring,0.755138167942526,-0.6024325334252024,-0.7302492497009011
Kazakhstan,2020_summer,1.7162003078718149,-0.6024325334252024,-0.7302492497009011
Kazakhstan,2020_winter,-1.1470445308409523,-0.6024325334252024,-0.7302492497009011
Kazakhstan,2021_fall,1.0072217515784065,0.6182271349811552,1.080087517605352
Kazakhstan,2021_spring,0.8619329965518991,0.20449670689413033,0.3873601222794225
Kazakhstan,2021_summer,0.776276709077553,1.4212137571104984,1.7407163246691018
Kazakhstan,2021_winter,1.0731898479340871,-0.4206567111831974,-0.40333769219745524
Kazakhstan,2022_spring,-0.5949678269994154,-0.4935645220492884,-0.5116970186669823
Kazakhstan,2022_winter,0.7641344199807604,-0.28925802414924756,-0.1319920757020071
Kuwait,2020_fall,1.216468564703478,-0.6024325334252024,-0.7302492497009011
Kuwait,2020_spring,1.1520867426511991,-0.6024325334252024,-0.7302492497009011
Kuwait,2020_summer,1.762678839311564,-0.6024325334252024,-0.7302492497009011
Kuwait,2020_winter,-1.1790586982121165,-0.6024325334252024,-0.7302492497009011
Kuwait,2021_fall,0.3274597630888409,1.7748449052395876,2.1431357511376024
Kuwait,2021_spring,1.5567968887226389,1.166555835679239,1.5643738912516243
Kuwait,2021_summer,0.8447589839252548,1.345624720845713,1.784250070549865
Kuwait,2021_winter,0.6874433842686577,-0.06923147286966364,-0.04581507392566087
Kuwait,2022_spring,-1.480042118472467,-0.5017476191395279,-0.524875883114264
Kuwait,2022_winter,-0.44291542427583264,-0.4141768444770341,-0.35345060034992315
Laos,2020_fall,-0.7714615860846075,-0.6024325334252024,-0.7302492497009011
Laos,2020_spring,0.279933394266025,-0.6024325334252024,-0.7302492497009011
Laos,2020_summer,-0.7976503667514364,-0.6024325334252024,-0.7302492497009011
Laos,2020_winter,-2.0766251062485503,-0.6024325334252024,-0.7302492497009011
Laos,2021_fall,1.0838931491066235,1.865451193267477,2.017383355890144
Laos,2021_spring,-0.6483183902082594,-0.0744821100087661,0.012913800619980792
Laos,2021_summer,0.5511995559218742,0.8595951916002081,1.1619480678327436
Laos,2021_winter,-0.47367651186352977,0.1755799936091114,0.2164971528723265
Laos,2022_spring,0.9044304239209142,0.7515647024172946,0.9882371781465338
Laos,2022_winter,1.0207158023326932,0.7154925824596866,1.0851189659198512
Latvia,2020_fall,-0.5133746096347381,-0.6024325334252024,-0.7302492497009011
Latvia,2020_spring,-0.22263129720062796,-0.6024325334252024,-0.7302492497009011
Latvia,2020_summer,0.01700953312500226,-0.6024325334252024,-0.7302492497009011
Latvia,2020_winter,-1.6014883520998728,-0.6024122424592045,-0.7302056314761215
Latvia,2021_fall,-0.2716187469045718,1.7448980638452127,1.970147557422997
Latvia,2021_spring,0.3582897479716715,1.1638306961270157,1.4302923102304876
Latvia,2021_summer,-0.30592469033524716,1.3937324868741574,1.7759161430052988
Latvia,2021_winter,0.2709337055456099,-0.14560558505719673,0.00712814900398356
Latvia,2022_spring,-1.4765637051516367,-0.5736235978903231,-0.6691954093572616
Latvia,2022_winter,-0.40276581192677535,-0.24417942897805345,-0.06414609544509219
Lebanon,2020_fall,1.2503031917208864,-0.6024325334252024,-0.7302492497009011
Lebanon,2020_spring,0.802523141841362,-0.6024325334252024,-0.7302492497009011
Lebanon,2020_summer,0.8172050689328566,-0.6024325334252024,-0.7302492497009011
Lebanon,2020_winter,-0.9709178718977225,-0.6024325334252024,-0.7302492497009011
Lebanon,2021_fall,-0.33762071912745584,0.4362867273613054,0.8842991520679808
Lebanon,2021_spring,1.8326045206748969,-0.13129383779920045,0.05614083784820595
Lebanon,2021_summer,0.9272688135228175,0.8185332012029662,1.274958972625487
Lebanon,2021_winter,0.9688565955384689,-0.2522626284752469,-0.2000760300850339
Lebanon,2022_spring,-0.5424916539281016,-0.20803186557664194,-0.16290265184409813
Lebanon,2022_winter,-0.2687181871445908,0.474225213667009,0.8379590910744084
Libya,2020_fall,1.7870206487839024,-0.6024325334252024,-0.7302492497009011
Libya,2020_spring,0.8411946535499227,-0.6024325334252024,-0.7302492497009011
Libya,2020_summer,2.3262419742924,-0.6024325334252024,-0.7302492497009011
Libya,2020_winter,-1.0611953173380262,-0.6024325334252024,-0.7302492497009011
Libya,2021_fall,-0.18771264243270594,0.5116587269505323,0.9072632706605553
Libya,2021_spring,1.5143228635227548,-0.42200117564465917,-0.4094124418727298
Libya,2021_summer,0.6698122227756925,0.2529352423753939,0.6169981988198535
Libya,2021_winter,1.0712432129563745,-0.3477582790297945,-0.3042196531680941
Libya,2022_spring,-0.2777939738275645,-0.422321990666342,-0.3873326926966907
Libya,2022_winter,-0.07391853129841304,0.01828660665182226,0.3469661388828338
Lithuania,2020_fall,0.01214319115802016,-0.6024325334252024,-0.7302492497009011
Lithuania,2020_spring,0.5323704652118557,-0.6024325334252024,-0.7302492497009011
Lithuania,2020_summer,-0.18467643893116817,-0.6024325334252024,-0.7302492497009011
Lithuania,2020_winter,-1.3707259447091606,-0.6024325334252024,-0.7302492497009011
Lithuania,2021_fall,-0.8517680114501467,0.402328922010548,0.7906551816499876
Lithuania,2021_spring,0.6435998762882007,1.8893549323475027,2.098834967546479
Lithuania,2021_summer,-0.8689180374379013,1.768228359739216,2.0242170627744214
Lithuania,2021_winter,0.7301353231733058,-0.09657780078286747,0.15341054017833844
Lithuania,2022_spring,-1.792295133717052,-0.5799229543997974,-0.6823203206551101
Lithuania,2022_winter,-1.276747475231748,-0.3233616149138078,-0.20134725354552466
Luxembourg,2020_fall,0.030984064778369676,-0.6024325334252024,-0.7302492497009011
Luxembourg,2020_spring,0.25526587148666124,-0.6024325334252024,-0.7302492497009011
Luxembourg,2020_summer,-0.6015225618260075,-0.6024325334252024,-0.7302492497009011
Luxembourg,2020_winter,-1.5014701889231064,-0.6024325334252024,-0.7302492497009011
Luxembourg,2021_fall,-0.4509605336078491,0.013338101593723213,0.33823232341533077
Luxembourg,2021_spring,0.06826940125005494,1.9044254711146933,2.05188377860095
Luxembourg,2021_summer,-0.4664314948733402,2.4255839690641365,2.30706687936807
Luxembourg,2021_winter,0.15357395482372618,-0.1699517314208922,0.030454637852159773
Luxembourg,2022_spring,-1.3644056183865914,-0.5532482279769075,-0.628546142069302
Luxembourg,2022_winter,0.05716765535374435,-0.08005071957177706,0.18657003386392518
Malawi,2020_fall,0.2319298175747759,-0.6024325334252024,-0.7302492497009011
Malawi,2020_spring,-0.5137575542205175,-0.6024325334252024,-0.7302492497009011
Malawi,2020_summer,0.600157548349989,-0.6024325334252024,-0.7302492497009011
Malawi,2020_winter,-1.6497324072792547,-0.6024325334252024,-0.7302492497009011
Malawi,2021_fall,-0.7376269590671994,-0.3725121996374625,-0.27989460071221955
Malawi,2021_spring,-0.19272921650641667,-0.4540478147587404,-0.442995913140625
Malawi,2021_summer,-0.5843077298314286,-0.5034698493857184,-0.5365559726056013
Malawi,2021_winter,-0.1847575867124405,-0.4920574331969615,-0.5200335198271996
Malawi,2022_spring,-0.5910617922244649,-0.5580681615459724,-0.6378811824976768
Malawi,2022_winter,-0.5902469712447229,-0.4206015763278176,-0.39918485209217863
Malaysia,2020_fall,0.8808794955470084,-0.6024325334252024,-0.7302492497009011
Malaysia,2020_spring,0.47659605915686676,-0.6024325334252024,-0.7302492497009011
Malaysia,2020_summer,0.5240008115123304,-0.6024325334252024,-0.7302492497009011
Malaysia,2020_winter,-0.8782313568814248,-0.6024325334252024,-0.7302492497009011
Malaysia,2021_fall,0.6902850294769801,1.8440451697822384,1.87130319205785
Malaysia,2021_spring,1.0829521995529936,-0.28693827856315435,-0.1459092479037622
Malaysia,2021_summer,1.8682225753346493,3.8412771695878964,3.1012529679444913
Malaysia,2021_winter,0.9193993022850498,-0.5592481161007545,-0.6419640691747841
Malaysia,2022_spring,-0.8794297026660155,-0.11946429709620272,0.08461786014771336
Malaysia,2022_winter,-0.40684204429540605,-0.4988008359162207,-0.5243180743864884
Malta,2020_fall,-0.1626386092468987,-0.6024325334252024,-0.7302492497009011
Malta,2020_spring,0.7130142635067833,-0.6024325334252024,-0.7302492497009011
Malta,2020_summer,-0.14826935009741968,-0.6024325334252024,-0.7302492497009011
Malta,2020_winter,-1.5478552222042492,-0.6024325334252024,-0.7302492497009011
Malta,2021_fall,-0.3365249084666099,-0.13170540070701917,0.12542786889784777
Malta,2021_spring,0.8183265495054962,3.6780580794715676,3.143040526875085
Malta,2021_summer,-0.049675847897119,1.7629405258896917,2.021035155962707
Malta,2021_winter,-0.005558667796934388,-0.13005724551060044,-0.008316880562799708
Malta,2022_spring,-0.7448906323320804,-0.437739699707091,-0.40400922075219753
Malta,2022_winter,-0.28328710116357836,0.20656952432652687,0.5682212365342774
Mauritius,2020_fall,-1.655032574581176,-0.6024325334252024,-0.7302492497009011
Mauritius,2020_spring,0.17406394493591434,-0.6024325334252024,-0.7302492497009011
Mauritius,2020_summer,-0.6280223271619475,-0.6024325334252024,-0.7302492497009011
Mauritius,2020_winter,-2.344742017324842,-0.6024325334252024,-0.7302492497009011
Mauritius,2021_fall,-0.46956574902156584,0.6784420605735278,1.0431315412320619
Mauritius,2021_spring,1.2261078269912413,0.9029918880540673,1.3282765506299097
Mauritius,2021_summer,0.7566463804649809,3.396404791775665,2.7200157151925337
Mauritius,2021_winter,-1.2662505386415486,-0.5239225493257477,-0.5839726340741223
Mauritius,2022_spring,-0.6152255955871498,-0.4353121978112851,-0.39338835288274127
Mauritius,2022_winter,-0.5760439820521466,-0.23758240020216692,-0.11616864408048139
Mexico,2020_fall,1.2004025664662374,-0.6024325334252024,-0.7302492497009011
Mexico,2020_spring,0.027896942271471326,-0.6024325334252024,-0.7302492497009011
Mexico,2020_summer,1.2313213439947817,-0.6024325334252024,-0.7302492497009011
Mexico,2020_winter,-1.2707425946765556,-0.6024325334252024,-0.7302492497009011
Mexico,2021_fall,-0.3913920304260602,1.108345925519431,1.521696348806591
Mexico,2021_spring,-0.08652774159588901,0.4093404650498396,0.789563541446302
Mexico,2021_summer,0.10046199554909904,2.233247790845345,2.414821538360748
Mexico,2021_winter,0.501453581365329,-0.1958202278069806,-0.10435757310143659
Mexico,2022_spring,-1.0861899944080387,-0.45115350724574615,-0.45135961388908374
Mexico,2022_winter,-0.5446680556572813,-0.12454607920466355,0.03672424145996491
Moldova,2020_fall,-0.08671542652474323,-0.6024325334252024,-0.7302492497009011
Moldova,2020_spring,0.675909878872335,-0.6024325334252024,-0.7302492497009011
Moldova,2020_summer,1.1305029758329264,-0.6024325334252024,-0.7302492497009011
Moldova,2020_winter,-1.487252500847439,-0.6024325334252024,-0.7302492497009011
Moldova,2021_fall,-0.46097011593460824,0.5143522237289345,0.977346620860028
Moldova,2021_spring,0.718011479942092,-0.03900160487619912,0.17987488579471142
Moldova,2021_summer,0.48400161830032495,0.6770973918098758,1.0845129880329012
Moldova,2021_winter,0.15238682660781028,-0.4198291763966281,-0.40555293559477695
Moldova,2022_spring,-1.6227017414948481,-0.5197355022574999,-0.5635307026285729
Moldova,2022_winter,-0.33492505108602016,-0.2837508418935299,-0.11939269613125986
Mongolia,2020_fall,0.05898025972643334,-0.6024325334252024,-0.7302492497009011
Mongolia,2020_spring,0.9396173035504138,-0.6024325334252024,-0.7302492497009011
Mongolia,2020_summer,0.8570094233061627,-0.6024325334252024,-0.7302492497009011
Mongolia,2020_winter,-0.14450256789911628,-0.6024325334252024,-0.7302492497009011
Mongolia,2021_fall,-0.4439791592363312,-0.4797671707934514,-0.4890145110494553
Mongolia,2021_spring,1.4158896930666098,4.041034237528514,2.3702507359912817
Mongolia,2021_summer,0.5225906496365645,0.7388925426300172,1.0828943089504794
Mongolia,2021_winter,0.639358309114281,-0.5859288736448524,-0.6954569383264698
Mongolia,2022_spring,-2.6342434824215712,-0.5938743735292449,-0.711952004961218
Mongolia,2022_winter,-0.9157158296385419,-0.5707288297265272,-0.663087018745526
Morocco,2020_fall,0.9906549796520696,-0.6024325334252024,-0.7302492497009011
Morocco,2020_spring,0.8553989519547583,-0.6024325334252024,-0.7302492497009011
Morocco,2020_summer,1.421644803127182,-0.6024325334252024,-0.7302492497009011
Morocco,2020_winter,-1.2978411460920778,-0.6024325334252024,-0.7302492497009011
Morocco,2021_fall,0.8278858563302948,1.5739207806734912,1.8081049017761721
Morocco,2021_spring,1.3441039951437768,0.30837849929523775,0.5498554542304791
Morocco,2021_summer,0.8095104076680456,1.9784408971871381,2.0157455652113363
Morocco,2021_winter,0.9841169372817805,-0.5644538631260496,-0.6527262112698833
Morocco,2022_spring,-0.5840475238949376,-0.5711361979462674,-0.6642361015504715
Morocco,2022_winter,-0.05969001246678457,-0.5130513230001023,-0.5448407658468131
Mozambique,2020_fall,0.9634423482410633,-0.6024325334252024,-0.7302492497009011
Mozambique,2020_spring,-0.6340139370656052,-0.6024325334252024,-0.7302492497009011
Mozambique,2020_summer,1.2909950517331041,-0.6024325334252024,-0.7302492497009011
Mozambique,2020_winter,-1.555117244076395,-0.6024325334252024,-0.7302492497009011
Mozambique,2021_fall,-0.08830022796435363,0.6502614599487878,0.7208691641817367
Mozambique,2021_spring,0.2803714660394277,-0.5121000770656734,-0.5454129451924753
Mozambique,2021_summer,0.1908369177930551,-0.4214975212385762,-0.4326071077002404
Mozambique,2021_winter,-0.017468244414676235,-0.030482140910902088,0.014517438929920188
Mozambique,2022_spring,-0.7705415371695423,-0.05637062357212144,0.050348607529832314
Mozambique,2022_winter,-0.3950218214143461,1.4207342382273738,1.8134281641863506
Myanmar,2020_fall,1.6255594285089439,-0.6024325334252024,-0.7302492497009011
Myanmar,2020_spring,0.20455811687429232,-0.6024325334252024,-0.7302492497009011
Myanmar,2020_summer,1.555943469360045,-0.6024325334252024,-0.7302492497009011
Myanmar,2020_winter,-1.1385083478924864,-0.6024325334252024,-0.7302492497009011
Myanmar,2021_fall,1.302866754710494,1.2739719010446962,1.5264398351109791
Myanmar,2021_spring,1.3851064190068803,-0.3645494125771715,-0.2646775777960041
Myanmar,2021_summer,1.0115460796701317,-0.16672107988081847,0.05176814392093152
Myanmar,2021_winter,1.2307204857042375,0.2695414253207452,0.367390505177006
Myanmar,2022_spring,1.0497089624160425,0.9553810450466823,1.3903600864176207
Myanmar,2022_winter,1.138509556918461,0.47855386065891675,0.9092492144884737
Nepal,2020_fall,1.1122487228198024,-0.6024325334252024,-0.7302492497009011
Nepal,2020_spring,1.0348644592165184,-0.6024325334252024,-0.7302492497009011
Nepal,2020_summer,2.104807002883888,-0.6024325334252024,-0.7302492497009011
Nepal,2020_winter,-1.2138718423738875,-0.6024325334252024,-0.7302492497009011
Nepal,2021_fall,-0.5077305955858651,0.7708363614355266,1.090328653364315
Nepal,2021_spring,0.042759821200202275,-0.016464639984141858,0.23051509309118506
Nepal,2021_summer,1.0773654167828743,0.22270798966901226,0.4267632923443018
Nepal,2021_winter,0.014501246088146753,0.16850512079922106,0.2082483842273578
Nepal,2022_spring,-0.7714861338144652,0.834123454204994,0.5926953173701877
Nepal,2022_winter,-0.38206127465563183,2.8228501878312504,2.7814512425473343
Netherlands,2020_fall,0.4125441585938745,-0.6024325334252024,-0.7302492497009011
Netherlands,2020_spring,0.3888310515513765,-0.6024325334252024,-0.7302492497009011
Netherlands,2020_summer,0.22465849944545344,-0.6024325334252024,-0.7302492497009011
Netherlands,2020_winter,-1.3841916688709335,-0.6024325334252024,-0.7302492497009011
Netherlands,2021_fall,-0.5352967143068217,-0.23404436968306325,-0.03888206505129986
Netherlands,2021_spring,1.2680512004079736,1.6752137368951914,1.8768710618666657
Netherlands,2021_summer,-0.0659892872513246,3.0008194882093697,2.60584643304682
Netherlands,2021_winter,1.1239874472377347,-0.29925912537924504,-0.1929420043045531
Netherlands,2022_spring,-1.5639771892655654,-0.5898320758689739,-0.703319113848102
Netherlands,2022_winter,0.2520013507186567,-0.4871741849708156,-0.4957189134231127
New Zealand,2020_fall,-0.7973898802694611,-0.6024325334252024,-0.7302492497009011
New Zealand,2020_spring,0.7450873454296059,-0.6024325334252024,-0.7302492497009011
New Zealand,2020_summer,-0.9655715676157366,-0.6024325334252024,-0.7302492497009011
New Zealand,2020_winter,-1.9348868711083174,-0.6024325334252024,-0.7302492497009011
New Zealand,2021_fall,1.7770346322778061,3.640312504046703,2.9167639848474325
New Zealand,2021_spring,-1.1940363074917721,-0.08271336773279633,0.13178384147336822
New Zealand,2021_summer,-1.172958364181308,1.7491770969279528,1.9843610209110834
New Zealand,2021_winter,-0.6695973443580725,-0.2747250824758568,-0.21153796996740445
New Zealand,2022_spring,-0.9391520382882459,-0.4634490912830929,-0.4617407031220327
New Zealand,2022_winter,0.07436612219508415,0.15809678610969802,0.3915255981423918
Nicaragua,2020_fall,-2.1134172437592094,-0.6024325334252024,-0.7302492497009011
Nicaragua,2020_spring,-1.8570211149419351,-0.6024325334252024,-0.7302492497009011
Nicaragua,2020_summer,-1.6181310243317228,-0.6024325334252024,-0.7302492497009011
Nicaragua,2020_winter,-2.5073333258179757,-0.6024325334252024,-0.7302492497009011
Nicaragua,2021_fall,-2.2231397047677777,2.541413220387334,1.6252623418265708
Nicaragua,2021_spring,-2.0436809305976356,-0.3732239600913222,-0.3063127887435753
Nicaragua,2021_summer,-2.2399244605352506,-0.3148462392798468,-0.18791522605553623
Nicaragua,2021_winter,-2.2231397047677777,2.314535718836589,0.9418597418336995
Nicaragua,2022_spring,-2.0918407711235214,-0.017937586020455334,0.284765704014724
Nicaragua,2022_winter,-2.2231397047677777,1.3215900639675062,1.6582429210699405
Niger,2020_fall,-1.7075961375707833,-0.6024325334252024,-0.7302492497009011
Niger,2020_spring,-0.5209804782538349,-0.6024325334252024,-0.7302492497009011
Niger,2020_summer,-1.3044994085783321,-0.6024325334252024,-0.7302492497009011
Niger,2020_winter,-2.19141100517874,-0.6024325334252024,-0.7302492497009011
Niger,2021_fall,-1.180381597690264,-0.561243782901943,-0.6459355722999317
Niger,2021_spring,-1.3506004660692414,-0.5722478148876188,-0.6679413456822471
Niger,2021_summer,-1.203311141195706,-0.4822616395671556,-0.4849995300261911
Niger,2021_winter,-1.2589235322336345,-0.4951994687812055,-0.5433421308296116
Niger,2022_spring,-1.7822428383403406,-0.2931294628254143,-0.2911296370045116
Niger,2022_winter,-1.5112882692021514,-0.2239870113449689,-0.07835365675445484
Norway,2020_fall,-0.5234077577821604,-0.6024325334252024,-0.7302492497009011
Norway,2020_spring,0.2972483809984233,-0.6024325334252024,-0.7302492497009011
Norway,2020_summer,-0.3371595023516158,-0.6024325334252024,-0.7302492497009011
Norway,2020_winter,-1.4383609211866486,-0.6024071513478235,-0.7301946879422803
Norway,2021_fall,-1.2284971120296637,0.20127669312228397,0.4766377747963363
Norway,2021_spring,1.0022329515076198,1.7547803493854774,2.012229447515599
Norway,2021_summer,0.0020923686451004256,3.290807810862605,2.8382595268088773
Norway,2021_winter,0.30964940316791517,-0.21753240859970546,-0.07373963840797772
Norway,2022_spring,-2.074097671982406,-0.5846233016484792,-0.692364721520321
Norway,2022_winter,-0.6166786575431911,-0.4436734980854066,-0.4114282206574591
Oman,2020_fall,1.1241730280754585,-0.6024325334252024,-0.7302492497009011
Oman,2020_spring,0.8835895649232935,-0.6024325334252024,-0.7302492497009011
Oman,2020_summer,2.081474736336038,-0.6024325334252024,-0.7302492497009011
Oman,2020_winter,-1.5512808355897676,-0.6024325334252024,-0.7302492497009011
Oman,2021_fall,0.050066488060520165,1.4491229261406253,1.625742266563579
Oman,2021_spring,1.1324012868510038,-0.24389463395373262,-0.06807727588195617
Oman,2021_summer,0.36058152403118265,3.252319504385409,2.7944918928133857
Oman,2021_winter,-0.15149246702773014,-0.4852531234229339,-0.4955902233325546
Oman,2022_spring,-1.2046028427408157,-0.4706393590791462,-0.46772691976222636
Oman,2022_winter,-0.36058233833324504,-0.3511852504691962,-0.24660001780632743
Pakistan,2020_fall,0.10449764233769851,-0.6024325334252024,-0.7302492497009011
Pakistan,2020_spring,1.073471164918256,-0.6024325334252024,-0.7302492497009011
Pakistan,2020_summer,0.8100932409112374,-0.6024325334252024,-0.7302492497009011
Pakistan,2020_winter,-1.3591192424456264,-0.6024325334252024,-0.7302492497009011
Pakistan,2021_fall,0.12364487162667166,1.1492619799983659,1.6001953120976509
Pakistan,2021_spring,0.5736030766446522,-0.48991673493926347,-0.5024216162737162
Pakistan,2021_summer,0.8447059608287619,0.6135284463653592,0.9936686333231868
Pakistan,2021_winter,0.2544032642594626,-0.3210340682265931,-0.2773195525822607
Pakistan,2022_spring,-0.10620926975930704,0.1635650691218686,0.38531129824883636
Pakistan,2022_winter,0.16454531720630813,1.2690345500294722,1.6014439559813276
Panama,2020_fall,1.2191609597142659,-0.6024325334252024,-0.7302492497009011
Panama,2020_spring,0.7630798495060753,-0.6024325334252024,-0.7302492497009011
Panama,2020_summer,1.8094746676938158,-0.6024325334252024,-0.7302492497009011
Panama,2020_winter,-1.2392297365813212,-0.6024325334252024,-0.7302492497009011
Panama,2021_fall,0.8576141390971134,1.1353876538549827,1.124767942089017
Panama,2021_spring,1.0562992563827422,0.3517357502113683,0.6809799043434944
Panama,2021_summer,0.8492777300374527,3.322379907705445,2.6650453844897872
Panama,2021_winter,0.8808750769556343,-0.42598020891107397,-0.39858547765583036
Panama,2022_spring,-1.5325821156414112,-0.11997603819872663,0.08912038035653863
Panama,2022_winter,-0.8631417929508618,-0.08744812629215173,0.1451609187521835
Paraguay,2020_fall,1.2168632921995888,-0.6024325334252024,-0.7302492497009011
Paraguay,2020_spring,0.8340188611579314,-0.6024325334252024,-0.7302492497009011
Paraguay,2020_summer,1.6560233015350405,-0.6024325334252024,-0.7302492497009011
Paraguay,2020_winter,-1.4086513839589938,-0.6024325334252024,-0.7302492497009011
Paraguay,2021_fall,-0.40532532189326725,0.6607292673486093,0.885436743692006
Paraguay,2021_spring,0.33503954097791777,-0.33013708880036735,-0.24150037382851475
Paraguay,2021_summer,-0.038976965315956874,2.3826400936684853,2.0134702492753584
Paraguay,2021_winter,-0.00910728762515808,-0.20675220339183026,-0.15337701487845629
Paraguay,2022_spring,-1.1255886098749839,-0.3240799487744551,-0.22114569202281037
Paraguay,2022_winter,-0.6756946731516501,0.014658661309180074,0.27260546276856557
Peru,2020_fall,1.6824237537696127,-0.6024325334252024,-0.7302492497009011
Peru,2020_spring,1.07178031728566,-0.6024325334252024,-0.7302492497009011
Peru,2020_summer,1.8753794309064642,-0.6024325334252024,-0.7302492497009011
Peru,2020_winter,-1.3017123677228668,-0.6024325334252024,-0.7302492497009011
Peru,2021_fall,0.492220198256669,2.8503944940077406,2.697794509373084
Peru,2021_spring,1.0036224932903055,-0.10181460799749086,0.12670807987203458
Peru,2021_summer,0.7259224417751348,1.584082395367508,1.926144332229778
Peru,2021_winter,0.6994997563109479,0.1621380334828275,0.19995516895380536
Peru,2022_spring,-0.775130489789133,0.08297005612104617,0.38211256202723126
Peru,2022_winter,0.07332791687363724,0.8296436559474669,1.1867128445921293
Philippines,2020_fall,0.9826661664471932,-0.6024325334252024,-0.7302492497009011
Philippines,2020_spring,1.4799638969955864,-0.6024325334252024,-0.7302492497009011
Philippines,2020_summer,1.6011856368514192,-0.6024325334252024,-0.7302492497009011
Philippines,2020_winter,-1.0116701384534912,-0.6024325334252024,-0.7302492497009011
Philippines,2021_fall,1.3215897992275267,1.5292509073717622,1.8693313863350935
Philippines,2021_spring,1.292964481031398,-0.42927913539706025,-0.3907877108347817
Philippines,2021_summer,1.286624012818278,0.6088041050701258,0.9886435432713286
Philippines,2021_winter,1.0181287989087615,0.8632360534374859,0.5672568476333795
Philippines,2022_spring,-0.4035912702561224,-0.046924964733869916,0.23396279506434525
Philippines,2022_winter,0.6743722090740516,0.5559103168322692,1.0365181327844224
Poland,2020_fall,-0.1764540716107891,-0.6024325334252024,-0.7302492497009011
Poland,2020_spring,0.5083804597765631,-0.6024325334252024,-0.7302492497009011
Poland,2020_summer,0.0872470407938981,-0.6024325334252024,-0.7302492497009011
Poland,2020_winter,-1.1069258635089283,-0.6024325334252024,-0.7302492497009011
Poland,2021_fall,-0.7914454020071302,-0.18137332035586545,0.043230721135083125
Poland,2021_spring,1.1312086879981476,1.7606642711547331,1.9606803489715086
Poland,2021_summer,-0.2412306211591789,1.307153235544597,1.6286506145187734
Poland,2021_winter,0.7147792452835491,-0.08501622651491943,0.16235223626065065
Poland,2022_spring,-1.6435658390100665,-0.5379652455258346,-0.5957819688304145
Poland,2022_winter,-0.20503875746930564,-0.12672383080601782,0.1289999266742407
Portugal,2020_fall,0.6728168649102696,-0.6024325334252024,-0.7302492497009011
Portugal,2020_spring,0.5340907701202803,-0.6024325334252024,-0.7302492497009011
Portugal,2020_summer,0.6433427563520349,-0.6024325334252024,-0.7302492497009011
Portugal,2020_winter,-1.257778179790712,-0.6024325334252024,-0.7302492497009011
Portugal,2021_fall,-0.2621865271840651,0.5514028072645518,0.6000928661870608
Portugal,2021_spring,1.2518854682511396,2.0010979959397637,2.145653176179887
Portugal,2021_summer,0.6707195068712312,3.674511464700342,3.2487050221595215
Portugal,2021_winter,0.6522699240648124,-0.13442156193794202,0.07061750869578634
Portugal,2022_spring,-1.7904506172955477,-0.5631502745243041,-0.6473988117433446
Portugal,2022_winter,-0.7122616261537482,-0.010510320781864282,0.20740073663599168
Qatar,2020_fall,0.8583682453583406,-0.6024325334252024,-0.7302492497009011
Qatar,2020_spring,0.6998291868456373,-0.6024325334252024,-0.7302492497009011
Qatar,2020_summer,1.647603991284832,-0.6024325334252024,-0.7302492497009011
Qatar,2020_winter,-1.2263558358702982,-0.6024325334252024,-0.7302492497009011
Qatar,2021_fall,0.12043992001645602,0.1947347615730621,0.47502149335436133
Qatar,2021_spring,1.5821915853967563,2.7334062123261824,2.621568899978236
Qatar,2021_summer,0.5719492610159558,2.854071698767075,2.7665535395961087
Qatar,2021_winter,0.6346863851677716,-0.4755322967646913,-0.49182626386451905
Qatar,2022_spring,-0.5477571419825692,-0.38848498601185344,-0.31375797322444793
Qatar,2022_winter,0.08272282404476038,-0.221731823443669,-0.014980292191754839
Romania,2020_fall,0.1471635606486975,-0.6024325334252024,-0.7302492497009011
Romania,2020_spring,0.7872053584101827,-0.6024325334252024,-0.7302492497009011
Romania,2020_summer,0.22151835384206225,-0.6024325334252024,-0.7302492497009011
Romania,2020_winter,-1.0960223867574614,-0.6024325334252024,-0.7302492497009011
Romania,2021_fall,0.8552222082997836,-0.33725525054133165,-0.22068805480807693
Romania,2021_spring,0.9362680112886357,0.8988488705070519,1.3134101514528862
Romania,2021_summer,-0.1860512520759392,0.04320180029553725,0.3467980723215871
Romania,2021_winter,1.20909049901746,-0.19979254036325952,-0.05393575247785168
Romania,2022_spring,-1.692876336838937,-0.4566225871292152,-0.4340317458871079
Romania,2022_winter,0.25910710025478734,-0.44933208981441586,-0.41960382218034004
Russia,2020_fall,-0.30210113593261784,-0.6024325334252024,-0.7302492497009011
Russia,2020_spring,0.5403828442373954,-0.6024325334252024,-0.7302492497009011
Russia,2020_summer,0.6183364749006347,-0.6024325334252024,-0.7302492497009011
Russia,2020_winter,-1.6297984009322248,-0.6024325334252024,-0.7302492497009011
Russia,2021_fall,0.2653697170960735,0.7319142346127083,1.1645588804811364
Russia,2021_spring,-0.5307051666415031,0.10201180543730837,0.44220909514279977
Russia,2021_summer,-0.5135336789242158,1.1447709165644324,1.5322634786040246
Russia,2021_winter,0.06760289531623448,0.24496007164080216,0.4656183575117527
Russia,2022_spring,-0.8565125966770349,-0.37963860421103196,-0.2991410803032522
Russia,2022_winter,-0.1505159583339922,0.21249190592200823,0.5811329103033578
Saudi Arabia,2020_fall,0.38790020163517397,-0.6024325334252024,-0.7302492497009011
Saudi Arabia,2020_spring,0.9671362906300438,-0.6024325334252024,-0.7302492497009011
Saudi Arabia,2020_summer,1.319622894838589,-0.6024325334252024,-0.7302492497009011
Saudi Arabia,2020_winter,-1.4719834558180864,-0.6024325334252024,-0.7302492497009011
Saudi Arabia,2021_fall,0.2952393947868726,0.5279893646003853,0.9062931225223431
Saudi Arabia,2021_spring,0.24781023497429278,-0.6024325334252024,-0.7302492497009011
Saudi Arabia,2021_summer,0.18367290831139604,0.8282234541864867,0.8273965520447322
Saudi Arabia,2021_winter,0.1268444227363195,-0.4793661164310935,-0.4984324201953082
Saudi Arabia,2022_spring,-0.254140763245919,-0.4787681668861112,-0.48438032501491035
Saudi Arabia,2022_winter,-0.24574151199782251,-0.1727823718795015,0.057320351865535385
Serbia,2020_fall,0.254712074701072,-0.6024325334252024,-0.7302492497009011
Serbia,2020_spring,1.069199859923023,-0.6024325334252024,-0.7302492497009011
Serbia,2020_summer,-0.257025612458791,-0.6024325334252024,-0.7302492497009011
Serbia,2020_winter,-1.4466255616106527,-0.6024325334252024,-0.7302492497009011
Serbia,2021_fall,-0.5226713258864307,-0.12459872259527142,0.12925062168857612
Serbia,2021_spring,0.341604305305566,1.68464650334998,2.025640475492649
Serbia,2021_summer,-0.8079061277404821,0.2796436561666835,0.5905957287549742
Serbia,2021_winter,0.01976673414261495,0.3405865262581398,0.3799905201584781
Serbia,2022_spring,-1.0564479649124994,-0.5844728044935379,-0.6919816364172231
Serbia,2022_winter,-0.9544953513584767,-0.4917286627981405,-0.5036876875118464
Singapore,2020_fall,0.18172283665150338,-0.6024325334252024,-0.7302492497009011
Singapore,2020_spring,0.34309568509897476,-0.6024325334252024,-0.7302492497009011
Singapore,2020_summer,0.6662975489510441,-0.6024325334252024,-0.7302492497009011
Singapore,2020_winter,-1.0711762457692056,-0.6024325334252024,-0.7302492497009011
Singapore,2021_fall,-0.28131608210754117,-0.04557242679710628,0.22845039847787504
Singapore,2021_spring,0.10021245034100329,2.099087813250856,2.1919719781991196
Singapore,2021_summer,0.16905620804495175,3.837442076585102,3.1411371489577666
Singapore,2021_winter,-0.0844452524675069,-0.1811027881457029,-0.06554457990783528
Singapore,2022_spring,-0.46838762163993064,-0.4938730761476305,-0.5127159825278097
Singapore,2022_winter,-0.27966189241819983,-0.0341277538286844,0.22919587438569952
Slovakia,2020_fall,0.01383993024578145,-0.6024325334252024,-0.7302492497009011
Slovakia,2020_spring,0.4282507780659992,-0.6024325334252024,-0.7302492497009011
Slovakia,2020_summer,-0.28842159785576804,-0.6024325334252024,-0.7302492497009011
Slovakia,2020_winter,-1.3429937940698942,-0.6024325334252024,-0.7302492497009011
Slovakia,2021_fall,-0.983813196082076,-0.2808532170012197,-0.12382048214428161
Slovakia,2021_spring,1.0246297391387795,1.517339938506124,1.8652099590709934
Slovakia,2021_summer,-0.16966122380457785,0.8869726828858342,1.2826039572365484
Slovakia,2021_winter,0.7898938257841935,-0.19495264713706684,-0.06366107461093136
Slovakia,2022_spring,-1.5206980686627216,-0.5924397405885341,-0.7088835082229932
Slovakia,2022_winter,-0.09399333747294186,-0.46568571784609497,-0.45884813779882644
Slovenia,2020_fall,0.5569496161637324,-0.6024325334252024,-0.7302492497009011
Slovenia,2020_spring,0.44148298636847166,-0.6024325334252024,-0.7302492497009011
Slovenia,2020_summer,-0.29771073937939024,-0.6024325334252024,-0.7302492497009011
Slovenia,2020_winter,-0.9999520341286393,-0.6024325334252024,-0.7302492497009011
Slovenia,2021_fall,-0.2973585145241182,0.44972055851298093,0.7624287344380203
Slovenia,2021_spring,0.8471513355408111,1.4764300609769894,1.8092539969055887
Slovenia,2021_summer,-0.4240483664103007,1.3836340811271164,1.7022051995732967
Slovenia,2021_winter,1.0823358411244537,-0.17299269705144302,0.01340387342978549
Slovenia,2022_spring,-1.9055127005027543,-0.5898404657535561,-0.7034126168906476
Slovenia,2022_winter,-0.02570155300893479,-0.4397815001320179,-0.4062718905463787
Somalia,2020_fall,-0.5417125089824191,-0.6024325334252024,-0.7302492497009011
Somalia,2020_spring,-0.5111181823062221,-0.6024325334252024,-0.7302492497009011
Somalia,2020_summer,-0.49967024328254617,-0.6024325334252024,-0.7302492497009011
Somalia,2020_winter,-1.929685787370549,-0.6024325334252024,-0.7302492497009011
Somalia,2021_fall,-0.685198899546406,-0.4020923021026591,-0.3707823409399782
Somalia,2021_spring,-0.5108576958242469,-0.5983914615528554,-0.7216154090339845
Somalia,2021_summer,-0.7831148844026353,-0.567798902810969,-0.6574316587338536
Somalia,2021_winter,-1.149694971549802,-0.39125899491579913,-0.3628846799240361
Somalia,2022_spring,-1.122518670778985,-0.11480127067755765,0.11215612908258668
Somalia,2022_winter,-0.6060413079382057,-0.2486944662898345,-0.1064069913637958
South Korea,2020_fall,0.2053181145906853,-0.6024325334252024,-0.7302492497009011
South Korea,2020_spring,0.4474215731756362,-0.6024325334252024,-0.7302492497009011
South Korea,2020_summer,0.1273139857403105,-0.6024325334252024,-0.7302492497009011
South Korea,2020_winter,-1.1888829674945682,-0.6024325334252024,-0.7302492497009011
South Korea,2021_fall,-0.28288910063682027,3.0639296114917696,2.510911025332199
South Korea,2021_spring,0.4013217781394052,0.035119334688105595,0.23770135421619626
South Korea,2021_summer,-0.08730457204132668,2.8576819712434034,2.3320740589425375
South Korea,2021_winter,0.41827163492426367,-0.401543136209371,-0.3785314920221957
South Korea,2022_spring,-1.0089692186856074,-0.5494856316102126,-0.6196165173047273
South Korea,2022_winter,-0.25409821384749876,-0.12779246159548605,0.06680262189842928
Spain,2020_fall,0.8136815579254586,-0.6024325334252024,-0.7302492497009011
Spain,2020_spring,0.7340055182626641,-0.6024325334252024,-0.7302492497009011
Spain,2020_summer,0.5741227871539237,-0.6024325334252024,-0.7302492497009011
Spain,2020_winter,-1.14047180922321,-0.6024325334252024,-0.7302492497009011
Spain,2021_fall,-0.35491803149435647,0.1445049493432704,0.36677678568264577
Spain,2021_spring,0.9864173401149273,1.974822425735056,2.0696913692604593
Spain,2021_summer,0.05861498950615106,3.354237716778778,3.1121098524567667
Spain,2021_winter,0.7086074550427364,-0.22566031119315047,-0.08968337217314934
Spain,2022_spring,-0.8885267640481989,-0.5549873944953185,-0.6305881582163673
Spain,2022_winter,-0.5569307922819087,0.12917343164521078,0.43816296991705195
Sri Lanka,2020_fall,-0.7037510918636303,-0.6024325334252024,-0.7302492497009011
Sri Lanka,2020_spring,0.8656736497639801,-0.6024325334252024,-0.7302492497009011
Sri Lanka,2020_summer,0.32851307110884753,-0.6024325334252024,-0.7302492497009011
Sri Lanka,2020_winter,-1.433883950847445,-0.6024325334252024,-0.7302492497009011
Sri Lanka,2021_fall,1.0404377758034018,1.236299176223104,1.589004355390431
Sri Lanka,2021_spring,1.0466107583625215,-0.21374989535624386,-0.08181762477445015
Sri Lanka,2021_summer,1.8361848421428208,3.8144002798654535,2.714766097770604
Sri Lanka,2021_winter,1.1619117260494283,-0.46266498696393593,-0.4724799050675198
Sri Lanka,2022_spring,-0.7763048531855234,-0.4865932069025375,-0.4959706470898063
Sri Lanka,2022_winter,0.19501919635467121,-0.07691153764649229,0.11794286663044541
Suriname,2020_fall,0.9858063120505843,-0.6024325334252024,-0.7302492497009011
Suriname,2020_spring,0.20025735460323046,-0.6024325334252024,-0.7302492497009011
Suriname,2020_summer,1.7787461000034828,-0.6024325334252024,-0.7302492497009011
Suriname,2020_winter,-1.497668593580641,-0.6024325334252024,-0.7302492497009011
Suriname,2021_fall,1.0860081815111593,0.35129587966695525,0.7707602779005339
Suriname,2021_spring,0.9509840246564463,0.1308065530082502,0.4267887821843449
Suriname,2021_summer,1.8096674024413844,1.6204648093548282,1.7175959937628984
Suriname,2021_winter,1.1336631804384292,-0.5015300286172097,-0.5362726412738831
Suriname,2022_spring,-0.5910809394537542,-0.5640945278874457,-0.6496692076555944
Suriname,2022_winter,0.6268360211592925,-0.46842203976434565,-0.45739582178930377
Sweden,2020_fall,0.331813548456395,-0.6024325334252024,-0.7302492497009011
Sweden,2020_spring,-0.1534184819123619,-0.6024325334252024,-0.7302492497009011
Sweden,2020_summer,0.5670437829539439,-0.6024325334252024,-0.7302492497009011
Sweden,2020_winter,-1.3055696640959908,-0.6024325334252024,-0.7302492497009011
Sweden,2021_fall,-1.4352577310747516,0.15905007664159523,0.5223165549409898
Sweden,2021_spring,0.9403928715411741,1.8952014318691786,2.0201488923259565
Sweden,2021_summer,-0.2308498771569723,2.4828599994420295,2.545300119992381
Sweden,2021_winter,0.09272406014336756,-0.123640893705863,0.1015406437028933
Sweden,2022_spring,-1.967868843887179,-0.5642625076707158,-0.6496691251478353
Sweden,2022_winter,-0.8285746616745012,-0.3597000586088358,-0.26104272148476226
Switzerland,2020_fall,-0.33566475601239765,-0.6024325334252024,-0.7302492497009011
Switzerland,2020_spring,0.24105568162665983,-0.6024325334252024,-0.7302492497009011
Switzerland,2020_summer,-0.2972566765133947,-0.6024325334252024,-0.7302492497009011
Switzerland,2020_winter,-1.5311449130065993,-0.6024325334252024,-0.7302492497009011
Switzerland,2021_fall,-0.05463056169158906,0.45880918496585005,0.850102578387495
Switzerland,2021_spring,0.3748220128034655,1.5057779059702676,1.7441537442208057
Switzerland,2021_summer,-0.20743134287276602,2.068462228795011,2.092254048858927
Switzerland,2021_winter,0.376862560381976,-0.04741283231395895,0.16913690346561805
Switzerland,2022_spring,-1.9843609907147484,-0.5879331579768953,-0.6993171221584323
Switzerland,2022_winter,0.023553630601989495,-0.33147197133722356,-0.2117743121938173
Togo,2020_fall,0.24708853171647782,-0.6024325334252024,-0.7302492497009011
Togo,2020_spring,-0.061653176249267895,-0.6024325334252024,-0.7302492497009011
Togo,2020_summer,0.312254338124039,-0.6024325334252024,-0.7302492497009011
Togo,2020_winter,-1.524725369223169,-0.6024325334252024,-0.7302492497009011
Togo,2021_fall,-0.4969079924462207,0.15561460892302462,0.44397053247660745
Togo,2021_spring,0.4286585509271199,-0.33830216612390784,-0.24202037480328
Togo,2021_summer,0.17497712048661945,-0.46503078266200276,-0.45367492471665616
Togo,2021_winter,-0.27306460819318806,-0.11894159421027639,-0.06920407982443166
Togo,2022_spring,-0.46916414816109453,0.12100299641415084,0.4339554700616451
Togo,2022_winter,-0.5938891997494697,-0.36021879470270207,-0.25957682968734597
Trinidad and Tobago,2020_fall,1.2939058514032538,-0.6024325334252024,-0.7302492497009011
Trinidad and Tobago,2020_spring,0.6049237355791518,-0.6024325334252024,-0.7302492497009011
Trinidad and Tobago,2020_summer,0.9489872421734536,-0.6024325334252024,-0.7302492497009011
Trinidad and Tobago,2020_winter,-1.1617704908213815,-0.6024325334252024,-0.7302492497009011
Trinidad and Tobago,2021_fall,1.4362610825753996,0.8678870247252473,1.2853934294514067
Trinidad and Tobago,2021_spring,0.8048797239076969,-0.23494472818222956,-0.13531803278827223
Trinidad and Tobago,2021_summer,1.953383559756839,1.8739844542151294,1.9652989181927738
Trinidad and Tobago,2021_winter,0.7627366722426653,-0.4017587492921402,-0.3780081573625044
Trinidad and Tobago,2022_spring,-0.4859562682475246,-0.5313746519232165,-0.5834104662668131
Trinidad and Tobago,2022_winter,0.047364273957788715,-0.2274855109023548,-0.03440539399342982
Tunisia,2020_fall,-0.18659915740636202,-0.6024325334252024,-0.7302492497009011
Tunisia,2020_spring,0.7293159199506574,-0.6024325334252024,-0.7302492497009011
Tunisia,2020_summer,-0.6573339998848964,-0.6024325334252024,-0.7302492497009011
Tunisia,2020_winter,-1.3319719526282778,-0.6024325334252024,-0.7302492497009011
Tunisia,2021_fall,0.053742756084002564,1.8041744820628614,1.9216404530753368
Tunisia,2021_spring,0.7975545410454298,-0.3063832240447433,-0.19474898906268645
Tunisia,2021_summer,1.2616737001909533,1.3234848389065168,1.5272110881002419
Tunisia,2021_winter,0.5412925831059199,-0.20619994061809546,-0.1320582577241194
Tunisia,2022_spring,-0.2333277250088043,-0.5474710979249698,-0.6197351631104757
Tunisia,2022_winter,-0.3036001839692589,0.3895465104165276,0.6361212115104552
Turkey,2020_fall,0.8704221626276455,-0.6024325334252024,-0.7302492497009011
Turkey,2020_spring,0.42117514041182724,-0.6024325334252024,-0.7302492497009011
Turkey,2020_summer,0.5058328262355639,-0.6024325334252024,-0.7302492497009011
Turkey,2020_winter,-1.1256692603256255,-0.6024325334252024,-0.7302492497009011
Turkey,2021_fall,-0.5264889888338936,0.7787024417504463,1.0709443460111785
Turkey,2021_spring,1.3519488885153172,0.6146576260559657,0.9716718636917984
Turkey,2021_summer,-0.12192276259579148,2.584340611358578,2.2867613707473993
Turkey,2021_winter,0.6854903668811825,-0.5174528742499597,-0.5640558126379732
Turkey,2022_spring,-1.6793711577804473,-0.5697258783879694,-0.6614217084497142
Turkey,2022_winter,-0.811835728336096,-0.431249387135036,-0.38675695390100645
Ukraine,2020_fall,0.6079696178998901,-0.6024325334252024,-0.7302492497009011
Ukraine,2020_spring,0.8379013301122193,-0.6024325334252024,-0.7302492497009011
Ukraine,2020_summer,0.4392387627685135,-0.6024325334252024,-0.7302492497009011
Ukraine,2020_winter,-1.4838965137502445,-0.6024325334252024,-0.7302492497009011
Ukraine,2021_fall,0.15963577123477699,1.1631520125791184,1.5052970589748924
Ukraine,2021_spring,0.692748078554526,-0.3988393162989701,-0.34028138343621844
Ukraine,2021_summer,0.1833547697324414,0.265105945006946,0.6086289851114055
Ukraine,2021_winter,0.1663579215789983,-0.0891518383623781,-0.0136873063221041
Ukraine,2022_spring,-1.6234676306664069,-0.5334313824206145,-0.5937954020866999
Ukraine,2022_winter,-0.29254585025975804,-0.09257464389707137,0.18099129674990633
United Arab Emirates,2020_fall,0.18375538868371852,-0.6024325334252024,-0.7302492497009011
United Arab Emirates,2020_spring,0.5182074069931814,-0.6024325334252024,-0.7302492497009011
United Arab Emirates,2020_summer,0.75388244635575,-0.6024325334252024,-0.7302492497009011
United Arab Emirates,2020_winter,-1.6627664484534217,-0.6024325334252024,-0.7302492497009011
United Arab Emirates,2021_fall,-0.555363010601666,1.001524502286418,1.4194959174431556
United Arab Emirates,2021_spring,0.27569407145597846,2.380995543601096,2.50139374739862
United Arab Emirates,2021_summer,0.36362151489675515,1.5803317712487737,1.943905859489471
United Arab Emirates,2021_winter,0.1471277209631053,1.1053775585337986,0.8821108952621906
United Arab Emirates,2022_spring,-1.0677639774222831,-0.5990054637370587,-0.7228987498118851
United Arab Emirates,2022_winter,-0.38588221063374245,-0.596445006338955,-0.7174080120890474
United Kingdom,2020_fall,0.9310688021047829,-0.6024325334252024,-0.7302492497009011
United Kingdom,2020_spring,0.29809675054230395,-0.6024325334252024,-0.7302492497009011
United Kingdom,2020_summer,0.9996672227828972,-0.6024325334252024,-0.7302492497009011
United Kingdom,2020_winter,-1.1482699535154466,-0.6024325334252024,-0.7302492497009011
United Kingdom,2021_fall,-0.37892571129514707,-0.1388532115315782,0.11234963408663662
United Kingdom,2021_spring,1.1576263937799913,2.6893783670318325,2.5529522210247655
United Kingdom,2021_summer,0.00024245172302702231,0.9559388842404622,1.3085995889767499
United Kingdom,2021_winter,1.161311779531707,1.0070722747990437,0.8749488357225079
United Kingdom,2022_spring,-1.682677246037677,-0.48620410473669406,-0.4931384871383617
United Kingdom,2022_winter,-0.6217675655942159,-0.3431080007078351,-0.22671053464745
United States,2020_fall,0.9639902535714862,-0.6024325334252024,-0.7302492497009011
United States,2020_spring,0.28240191398051084,-0.6024325334252024,-0.7302492497009011
United States,2020_summer,1.0832421433107982,-0.6024325334252024,-0.7302492497009011
United States,2020_winter,-1.174693129934231,-0.602276384742347,-0.7299137976207286
United States,2021_fall,0.1390981585266656,0.18042577810770913,0.563134557914543
United States,2021_spring,0.5314901134827894,2.758208800780031,2.7094910496130504
United States,2021_summer,0.15012107114194817,0.4490977052971186,0.8728097651854282
United States,2021_winter,0.751637661664824,0.807545294538245,1.206465686999438
United States,2022_spring,-0.917175274004346,-0.45806204526033395,-0.437861625054987
United States,2022_winter,-0.16077036335319853,0.024144723460312274,0.3485215097473575
Uruguay,2020_fall,-0.48052385563002487,-0.6024325334252024,-0.7302492497009011
Uruguay,2020_spring,-0.23682381269513195,-0.6024325334252024,-0.7302492497009011
Uruguay,2020_summer,-0.05703553785392913,-0.6024325334252024,-0.7302492497009011
Uruguay,2020_winter,-1.7039921737697903,-0.6024325334252024,-0.7302492497009011
Uruguay,2021_fall,-0.152617244009808,-0.2557857128247906,-0.09321520177859462
Uruguay,2021_spring,1.1912051633159115,3.0013892703129015,2.440583983597476
Uruguay,2021_summer,0.4418777138645824,3.0841826971939867,2.640883066817504
Uruguay,2021_winter,0.23763667381208445,-0.5608922356281593,-0.6453701011514162
Uruguay,2022_spring,-1.9374949558251036,-0.4500442585351333,-0.4277355712553613
Uruguay,2022_winter,-1.3455583623564782,0.17628480161930926,0.44144562368601953
Vietnam,2020_fall,0.6811886227009257,-0.6024325334252024,-0.7302492497009011
Vietnam,2020_spring,0.984327556803959,-0.6024325334252024,-0.7302492497009011
Vietnam,2020_summer,0.8823494136108854,-0.6024325334252024,-0.7302492497009011
Vietnam,2020_winter,-1.1669646119303176,-0.6024325334252024,-0.7302492497009011
Vietnam,2021_fall,1.056980981909075,4.423966154951084,3.4816974000065426
Vietnam,2021_spring,0.7093733442142952,-0.5176344392327289,-0.566047330955427
Vietnam,2021_summer,1.4801877722918892,0.504543544106682,0.5843641027581582
Vietnam,2021_winter,0.8366258300688152,0.5235318088282984,0.4304387125763657
Vietnam,2022_spring,0.1556865324552768,-0.313523787780372,-0.22023423904787032
Vietnam,2022_winter,0.9209800124363501,0.046257823237270054,0.3061297691598623
Zimbabwe,2020_fall,1.2847328557100446,-0.6024325334252024,-0.7302492497009011
Zimbabwe,2020_spring,0.39314948818793516,-0.6024325334252024,-0.7302492497009011
Zimbabwe,2020_summer,1.5235080629445228,-0.6024325334252024,-0.7302492497009011
Zimbabwe,2020_winter,-1.221217415792021,-0.6024325334252024,-0.7302492497009011
Zimbabwe,2021_fall,0.09424651034913933,0.26188212390809745,0.6125137738634532
Zimbabwe,2021_spring,0.45259805817527754,-0.28308802340518563,-0.15803867835660868
Zimbabwe,2021_summer,0.8967098355776156,0.26933284717174893,0.5270925954759959
Zimbabwe,2021_winter,1.052121513306453,-0.27978843217680616,-0.2211384120916497
Zimbabwe,2022_spring,-0.02640149061294325,0.41968537506282455,0.5040594128384911
Zimbabwe,2022_winter,-0.11620412344815133,-0.2724837973521141,-0.11409918493894039
